#
# TABLE STRUCTURE FOR: playlist
#

DROP TABLE IF EXISTS `playlist`;

CREATE TABLE `playlist` (
  `id` int(11) NOT NULL AUTO_INCREMENT,
  `title` varchar(128) NOT NULL,
  `genre` varchar(128) NOT NULL,
  PRIMARY KEY (`id`)
) ENGINE=InnoDB AUTO_INCREMENT=28 DEFAULT CHARSET=utf8;

INSERT INTO `playlist` (`id`, `title`, `genre`) VALUES (1, 'Neque molestias temporibus dolorum consectetur.', 'mollitia');
INSERT INTO `playlist` (`id`, `title`, `genre`) VALUES (2, 'Incidunt cum quia voluptas dolor nam non.', 'hic');
INSERT INTO `playlist` (`id`, `title`, `genre`) VALUES (3, 'Aliquam voluptas nostrum suscipit rem corrupti praesentium.', 'dolore');
INSERT INTO `playlist` (`id`, `title`, `genre`) VALUES (4, 'Autem culpa voluptatibus magni nemo.', 'labore');
INSERT INTO `playlist` (`id`, `title`, `genre`) VALUES (5, 'Sit voluptates eos nemo voluptatum fugit.', 'velit');
INSERT INTO `playlist` (`id`, `title`, `genre`) VALUES (6, 'Ipsum eos id dolorem amet et corporis voluptates.', 'deserunt');
INSERT INTO `playlist` (`id`, `title`, `genre`) VALUES (7, 'Itaque molestiae incidunt error.', 'deleniti');
INSERT INTO `playlist` (`id`, `title`, `genre`) VALUES (8, 'Dolores quod id id id quo.', 'voluptates');
INSERT INTO `playlist` (`id`, `title`, `genre`) VALUES (9, 'Pariatur aperiam quasi ipsum fugiat.', 'omnis');
INSERT INTO `playlist` (`id`, `title`, `genre`) VALUES (10, 'Esse velit aliquid voluptate consequatur optio quo.', 'quis');
INSERT INTO `playlist` (`id`, `title`, `genre`) VALUES (11, 'Non officia saepe est aspernatur cumque harum blanditiis.', 'aspernatur');
INSERT INTO `playlist` (`id`, `title`, `genre`) VALUES (12, 'Beatae aliquid recusandae minima aut omnis.', 'libero');
INSERT INTO `playlist` (`id`, `title`, `genre`) VALUES (13, 'Dolores ut dolore et sit laudantium in ut.', 'omnis');
INSERT INTO `playlist` (`id`, `title`, `genre`) VALUES (14, 'Et aliquam dolor unde et.', 'ut');
INSERT INTO `playlist` (`id`, `title`, `genre`) VALUES (15, 'Ut laudantium qui cum voluptas et ratione.', 'cupiditate');
INSERT INTO `playlist` (`id`, `title`, `genre`) VALUES (16, 'Earum dolores dolor dolores.', 'commodi');
INSERT INTO `playlist` (`id`, `title`, `genre`) VALUES (17, 'Autem aperiam corrupti doloremque eos corporis nemo sed ex.', 'dignissimos');
INSERT INTO `playlist` (`id`, `title`, `genre`) VALUES (18, 'Et illo pariatur molestiae impedit molestias reprehenderit.', 'quisquam');
INSERT INTO `playlist` (`id`, `title`, `genre`) VALUES (19, 'Odit totam voluptate quaerat reprehenderit quia veritatis vitae.', 'nulla');
INSERT INTO `playlist` (`id`, `title`, `genre`) VALUES (20, 'Dolor accusantium ex vel non voluptatem accusamus.', 'autem');
INSERT INTO `playlist` (`id`, `title`, `genre`) VALUES (21, 'Accusantium perspiciatis ad non et et.', 'asperiores');
INSERT INTO `playlist` (`id`, `title`, `genre`) VALUES (22, 'Consequatur dolore sapiente sapiente sequi.', 'sit');
INSERT INTO `playlist` (`id`, `title`, `genre`) VALUES (23, 'Ea numquam et maiores omnis vel quia.', 'voluptatibus');
INSERT INTO `playlist` (`id`, `title`, `genre`) VALUES (24, 'Et aut aliquid a et nam dolores dicta.', 'mollitia');
INSERT INTO `playlist` (`id`, `title`, `genre`) VALUES (25, 'Sed quia cupiditate eius et distinctio.', 'velit');
INSERT INTO `playlist` (`id`, `title`, `genre`) VALUES (26, 'Qui ipsa quia magni laborum omnis iusto omnis.', 'aut');
INSERT INTO `playlist` (`id`, `title`, `genre`) VALUES (27, 'Aut perferendis sunt alias sit eligendi.', 'nam');


#
# TABLE STRUCTURE FOR: track
#

DROP TABLE IF EXISTS `track`;

CREATE TABLE `track` (
  `id` int(11) NOT NULL AUTO_INCREMENT,
  `playlist_id` int(9) NOT NULL,
  `title` varchar(128) NOT NULL,
  `artist` varchar(128) NOT NULL,
  `album_picture` varchar(256) NOT NULL,
  `youtube_url` varchar(128) NOT NULL,
  PRIMARY KEY (`id`)
) ENGINE=InnoDB AUTO_INCREMENT=361 DEFAULT CHARSET=utf8;

INSERT INTO `track` (`id`, `playlist_id`, `title`, `artist`, `album_picture`, `youtube_url`) VALUES (1, 1, 'Hic temporibus consequatur aliquid maxime cupiditate adipisci.', 'Valerie Carroll', 'http://lorempixel.com/640/480/', 'http://koch.com/');
INSERT INTO `track` (`id`, `playlist_id`, `title`, `artist`, `album_picture`, `youtube_url`) VALUES (2, 2, 'Dolores modi minus illo aperiam voluptatem voluptas iste.', 'Brenna O\'Conner', 'http://lorempixel.com/640/480/', 'http://torpmohr.com/');
INSERT INTO `track` (`id`, `playlist_id`, `title`, `artist`, `album_picture`, `youtube_url`) VALUES (3, 3, 'Explicabo veritatis dolorem est natus est dignissimos eos.', 'Dr. Tad Block', 'http://lorempixel.com/640/480/', 'http://zulaufmclaughlin.com/');
INSERT INTO `track` (`id`, `playlist_id`, `title`, `artist`, `album_picture`, `youtube_url`) VALUES (4, 4, 'Enim quia facere in fuga.', 'Amber Torp', 'http://lorempixel.com/640/480/', 'http://www.jaskolski.org/');
INSERT INTO `track` (`id`, `playlist_id`, `title`, `artist`, `album_picture`, `youtube_url`) VALUES (5, 5, 'Dolorem quas consequatur mollitia expedita.', 'Dr. Jace Abbott', 'http://lorempixel.com/640/480/', 'http://lang.com/');
INSERT INTO `track` (`id`, `playlist_id`, `title`, `artist`, `album_picture`, `youtube_url`) VALUES (6, 6, 'Qui adipisci exercitationem unde voluptatem molestiae adipisci.', 'Ms. Arielle Rice V', 'http://lorempixel.com/640/480/', 'http://schaden.net/');
INSERT INTO `track` (`id`, `playlist_id`, `title`, `artist`, `album_picture`, `youtube_url`) VALUES (7, 7, 'Omnis officia ullam id voluptatem labore voluptatem.', 'Carmen Kris', 'http://lorempixel.com/640/480/', 'http://www.orn.com/');
INSERT INTO `track` (`id`, `playlist_id`, `title`, `artist`, `album_picture`, `youtube_url`) VALUES (8, 8, 'Perspiciatis necessitatibus itaque sint nihil facere.', 'Modesto Kuhic', 'http://lorempixel.com/640/480/', 'http://dare.com/');
INSERT INTO `track` (`id`, `playlist_id`, `title`, `artist`, `album_picture`, `youtube_url`) VALUES (9, 9, 'Blanditiis qui et eligendi molestiae quis.', 'Carmen Hills', 'http://lorempixel.com/640/480/', 'http://jakubowskikuhn.com/');
INSERT INTO `track` (`id`, `playlist_id`, `title`, `artist`, `album_picture`, `youtube_url`) VALUES (10, 10, 'Ipsam totam adipisci corporis accusantium nihil voluptas id et.', 'Emanuel Langworth', 'http://lorempixel.com/640/480/', 'http://cummings.com/');
INSERT INTO `track` (`id`, `playlist_id`, `title`, `artist`, `album_picture`, `youtube_url`) VALUES (11, 11, 'Dolor expedita velit quidem id debitis.', 'Daphne Greenfelder', 'http://lorempixel.com/640/480/', 'http://www.dickinsonreilly.biz/');
INSERT INTO `track` (`id`, `playlist_id`, `title`, `artist`, `album_picture`, `youtube_url`) VALUES (12, 12, 'Porro iste rerum dolor eius velit et rerum.', 'Georgette Heaney', 'http://lorempixel.com/640/480/', 'http://www.oconneradams.com/');
INSERT INTO `track` (`id`, `playlist_id`, `title`, `artist`, `album_picture`, `youtube_url`) VALUES (13, 13, 'Nemo et nam dolor magnam ullam temporibus.', 'Bethel Christiansen', 'http://lorempixel.com/640/480/', 'http://www.gislasonkovacek.org/');
INSERT INTO `track` (`id`, `playlist_id`, `title`, `artist`, `album_picture`, `youtube_url`) VALUES (14, 14, 'Nisi ut debitis debitis doloribus.', 'Archibald Ernser', 'http://lorempixel.com/640/480/', 'http://block.com/');
INSERT INTO `track` (`id`, `playlist_id`, `title`, `artist`, `album_picture`, `youtube_url`) VALUES (15, 15, 'Qui et et esse id ipsa.', 'Lennie Von', 'http://lorempixel.com/640/480/', 'http://corwin.com/');
INSERT INTO `track` (`id`, `playlist_id`, `title`, `artist`, `album_picture`, `youtube_url`) VALUES (16, 16, 'Magnam et saepe autem iure deserunt aperiam dolor nulla.', 'Dr. Natalie Berge', 'http://lorempixel.com/640/480/', 'http://www.mcculloughstamm.com/');
INSERT INTO `track` (`id`, `playlist_id`, `title`, `artist`, `album_picture`, `youtube_url`) VALUES (17, 17, 'Qui nesciunt necessitatibus laboriosam.', 'Crawford Hane', 'http://lorempixel.com/640/480/', 'http://bailey.com/');
INSERT INTO `track` (`id`, `playlist_id`, `title`, `artist`, `album_picture`, `youtube_url`) VALUES (18, 18, 'Recusandae cum deserunt et.', 'Dr. Marcelina Thompson', 'http://lorempixel.com/640/480/', 'http://www.pagac.com/');
INSERT INTO `track` (`id`, `playlist_id`, `title`, `artist`, `album_picture`, `youtube_url`) VALUES (19, 19, 'Qui aut impedit quia placeat consequatur ex.', 'Erling Dickinson', 'http://lorempixel.com/640/480/', 'http://www.reichel.com/');
INSERT INTO `track` (`id`, `playlist_id`, `title`, `artist`, `album_picture`, `youtube_url`) VALUES (20, 20, 'Doloremque dolores qui explicabo in et impedit fuga.', 'Miss Emie Hahn', 'http://lorempixel.com/640/480/', 'http://beerschoen.org/');
INSERT INTO `track` (`id`, `playlist_id`, `title`, `artist`, `album_picture`, `youtube_url`) VALUES (21, 21, 'Ullam aspernatur assumenda repellat tenetur pariatur tempora adipisci.', 'Edwardo Murray', 'http://lorempixel.com/640/480/', 'http://www.rice.com/');
INSERT INTO `track` (`id`, `playlist_id`, `title`, `artist`, `album_picture`, `youtube_url`) VALUES (22, 22, 'Officiis nam fuga est corporis tempore.', 'Mr. Jadon Nolan PhD', 'http://lorempixel.com/640/480/', 'http://stark.com/');
INSERT INTO `track` (`id`, `playlist_id`, `title`, `artist`, `album_picture`, `youtube_url`) VALUES (23, 23, 'Nobis enim quam magnam optio.', 'Humberto Friesen II', 'http://lorempixel.com/640/480/', 'http://www.streichleannon.org/');
INSERT INTO `track` (`id`, `playlist_id`, `title`, `artist`, `album_picture`, `youtube_url`) VALUES (24, 24, 'Nostrum harum totam earum quo ut est est optio.', 'Will Fadel', 'http://lorempixel.com/640/480/', 'http://www.ondrickagaylord.biz/');
INSERT INTO `track` (`id`, `playlist_id`, `title`, `artist`, `album_picture`, `youtube_url`) VALUES (25, 25, 'Sit ratione qui quia.', 'Esther Feeney PhD', 'http://lorempixel.com/640/480/', 'http://www.mckenzie.com/');
INSERT INTO `track` (`id`, `playlist_id`, `title`, `artist`, `album_picture`, `youtube_url`) VALUES (26, 26, 'Aut ipsa est deserunt omnis asperiores.', 'Mr. Vaughn Padberg', 'http://lorempixel.com/640/480/', 'http://www.feestmarquardt.info/');
INSERT INTO `track` (`id`, `playlist_id`, `title`, `artist`, `album_picture`, `youtube_url`) VALUES (27, 27, 'Sit esse quae tempore non minus.', 'Mr. Deshaun Gleichner', 'http://lorempixel.com/640/480/', 'http://conn.biz/');
INSERT INTO `track` (`id`, `playlist_id`, `title`, `artist`, `album_picture`, `youtube_url`) VALUES (28, 1, 'Delectus a soluta vel incidunt veritatis.', 'Juliet Padberg', 'http://lorempixel.com/640/480/', 'http://www.friesen.com/');
INSERT INTO `track` (`id`, `playlist_id`, `title`, `artist`, `album_picture`, `youtube_url`) VALUES (29, 2, 'Quae ut cum reprehenderit consectetur.', 'Rhea Dare PhD', 'http://lorempixel.com/640/480/', 'http://www.gottlieb.com/');
INSERT INTO `track` (`id`, `playlist_id`, `title`, `artist`, `album_picture`, `youtube_url`) VALUES (30, 3, 'Sit tenetur quo iste necessitatibus aliquid illum non.', 'Edmond Pouros', 'http://lorempixel.com/640/480/', 'http://www.schuppenolan.info/');
INSERT INTO `track` (`id`, `playlist_id`, `title`, `artist`, `album_picture`, `youtube_url`) VALUES (31, 4, 'Eveniet eos nam minus laudantium numquam ut perspiciatis.', 'Dr. Chaz Predovic', 'http://lorempixel.com/640/480/', 'http://schmitt.info/');
INSERT INTO `track` (`id`, `playlist_id`, `title`, `artist`, `album_picture`, `youtube_url`) VALUES (32, 5, 'Corporis dolor nostrum et.', 'Prof. Florian Strosin', 'http://lorempixel.com/640/480/', 'http://www.wintheiser.org/');
INSERT INTO `track` (`id`, `playlist_id`, `title`, `artist`, `album_picture`, `youtube_url`) VALUES (33, 6, 'Aut quis et exercitationem inventore provident eum.', 'Joshua Gerlach', 'http://lorempixel.com/640/480/', 'http://schultzcummerata.com/');
INSERT INTO `track` (`id`, `playlist_id`, `title`, `artist`, `album_picture`, `youtube_url`) VALUES (34, 7, 'In sapiente occaecati accusantium animi expedita sit ea.', 'Mohamed Dickens', 'http://lorempixel.com/640/480/', 'http://johnston.info/');
INSERT INTO `track` (`id`, `playlist_id`, `title`, `artist`, `album_picture`, `youtube_url`) VALUES (35, 8, 'Ipsam cupiditate nobis et sunt beatae dignissimos molestias.', 'Camille Collins', 'http://lorempixel.com/640/480/', 'http://smithamward.info/');
INSERT INTO `track` (`id`, `playlist_id`, `title`, `artist`, `album_picture`, `youtube_url`) VALUES (36, 9, 'Labore ab rem saepe delectus perspiciatis nobis.', 'Orin Walter', 'http://lorempixel.com/640/480/', 'http://grantullrich.info/');
INSERT INTO `track` (`id`, `playlist_id`, `title`, `artist`, `album_picture`, `youtube_url`) VALUES (37, 10, 'Reprehenderit dolorum fuga magni voluptatum mollitia aut.', 'Dr. Kelly Rosenbaum Sr.', 'http://lorempixel.com/640/480/', 'http://www.fay.com/');
INSERT INTO `track` (`id`, `playlist_id`, `title`, `artist`, `album_picture`, `youtube_url`) VALUES (38, 11, 'Iure dolorem reprehenderit minus vel quam rerum asperiores dolor.', 'Corrine Hintz', 'http://lorempixel.com/640/480/', 'http://www.kuhlmanbayer.biz/');
INSERT INTO `track` (`id`, `playlist_id`, `title`, `artist`, `album_picture`, `youtube_url`) VALUES (39, 12, 'Magni voluptate laboriosam itaque voluptatum dolorum.', 'Alec Schroeder', 'http://lorempixel.com/640/480/', 'http://www.hahn.org/');
INSERT INTO `track` (`id`, `playlist_id`, `title`, `artist`, `album_picture`, `youtube_url`) VALUES (40, 13, 'Numquam unde aut nihil sed maiores maxime corporis voluptatem.', 'Bryon Lemke', 'http://lorempixel.com/640/480/', 'http://kohlerkulas.com/');
INSERT INTO `track` (`id`, `playlist_id`, `title`, `artist`, `album_picture`, `youtube_url`) VALUES (41, 14, 'Quaerat quod qui reprehenderit repudiandae.', 'Brittany Crooks', 'http://lorempixel.com/640/480/', 'http://feil.biz/');
INSERT INTO `track` (`id`, `playlist_id`, `title`, `artist`, `album_picture`, `youtube_url`) VALUES (42, 15, 'Facilis in illo quae.', 'Elissa Daniel', 'http://lorempixel.com/640/480/', 'http://www.beer.net/');
INSERT INTO `track` (`id`, `playlist_id`, `title`, `artist`, `album_picture`, `youtube_url`) VALUES (43, 16, 'Aut qui non voluptatum aut quo impedit aspernatur.', 'Dorcas Vandervort', 'http://lorempixel.com/640/480/', 'http://www.rosenbaum.info/');
INSERT INTO `track` (`id`, `playlist_id`, `title`, `artist`, `album_picture`, `youtube_url`) VALUES (44, 17, 'Illum eaque quas voluptatem expedita sed.', 'Prof. Flavio Graham V', 'http://lorempixel.com/640/480/', 'http://schuster.com/');
INSERT INTO `track` (`id`, `playlist_id`, `title`, `artist`, `album_picture`, `youtube_url`) VALUES (45, 18, 'In commodi esse nisi ullam.', 'Edna Abbott', 'http://lorempixel.com/640/480/', 'http://carroll.com/');
INSERT INTO `track` (`id`, `playlist_id`, `title`, `artist`, `album_picture`, `youtube_url`) VALUES (46, 19, 'Doloribus ut sit earum qui et iste.', 'Elna Considine', 'http://lorempixel.com/640/480/', 'http://murphy.info/');
INSERT INTO `track` (`id`, `playlist_id`, `title`, `artist`, `album_picture`, `youtube_url`) VALUES (47, 20, 'Est iure illum dolorem et.', 'Jalyn Jast DVM', 'http://lorempixel.com/640/480/', 'http://www.shanahanswaniawski.com/');
INSERT INTO `track` (`id`, `playlist_id`, `title`, `artist`, `album_picture`, `youtube_url`) VALUES (48, 21, 'Velit veniam qui vel dignissimos dolorum.', 'Gretchen Tillman', 'http://lorempixel.com/640/480/', 'http://www.schmitt.com/');
INSERT INTO `track` (`id`, `playlist_id`, `title`, `artist`, `album_picture`, `youtube_url`) VALUES (49, 22, 'Nostrum rerum aut rerum sit.', 'Helena Hackett Jr.', 'http://lorempixel.com/640/480/', 'http://mertz.com/');
INSERT INTO `track` (`id`, `playlist_id`, `title`, `artist`, `album_picture`, `youtube_url`) VALUES (50, 23, 'Quaerat repellat illo earum earum.', 'Crystal Russel', 'http://lorempixel.com/640/480/', 'http://www.russel.net/');
INSERT INTO `track` (`id`, `playlist_id`, `title`, `artist`, `album_picture`, `youtube_url`) VALUES (51, 24, 'Aut ducimus incidunt dolor non autem non.', 'Bennie Wehner', 'http://lorempixel.com/640/480/', 'http://kling.com/');
INSERT INTO `track` (`id`, `playlist_id`, `title`, `artist`, `album_picture`, `youtube_url`) VALUES (52, 25, 'Aut minus iste est qui quisquam amet.', 'Pearline Schmidt', 'http://lorempixel.com/640/480/', 'http://www.goyette.com/');
INSERT INTO `track` (`id`, `playlist_id`, `title`, `artist`, `album_picture`, `youtube_url`) VALUES (53, 26, 'Suscipit qui laboriosam et voluptates.', 'Estelle Klocko', 'http://lorempixel.com/640/480/', 'http://lesch.com/');
INSERT INTO `track` (`id`, `playlist_id`, `title`, `artist`, `album_picture`, `youtube_url`) VALUES (54, 27, 'Voluptas ipsam fugiat possimus omnis.', 'Kevon Christiansen', 'http://lorempixel.com/640/480/', 'http://schoenkling.com/');
INSERT INTO `track` (`id`, `playlist_id`, `title`, `artist`, `album_picture`, `youtube_url`) VALUES (55, 1, 'Aut id ut quisquam.', 'Presley O\'Conner', 'http://lorempixel.com/640/480/', 'http://wilkinsonking.com/');
INSERT INTO `track` (`id`, `playlist_id`, `title`, `artist`, `album_picture`, `youtube_url`) VALUES (56, 2, 'Recusandae unde quos perferendis qui sit.', 'Dewayne Glover', 'http://lorempixel.com/640/480/', 'http://www.veum.org/');
INSERT INTO `track` (`id`, `playlist_id`, `title`, `artist`, `album_picture`, `youtube_url`) VALUES (57, 3, 'Ut maxime vel libero est et alias accusantium omnis.', 'Samanta Turcotte', 'http://lorempixel.com/640/480/', 'http://www.vonaltenwerth.biz/');
INSERT INTO `track` (`id`, `playlist_id`, `title`, `artist`, `album_picture`, `youtube_url`) VALUES (58, 4, 'Et voluptatibus molestias debitis et.', 'Dr. Alfredo Schmeler I', 'http://lorempixel.com/640/480/', 'http://www.willms.com/');
INSERT INTO `track` (`id`, `playlist_id`, `title`, `artist`, `album_picture`, `youtube_url`) VALUES (59, 5, 'Aperiam assumenda ipsum voluptas quos est.', 'Morris Von', 'http://lorempixel.com/640/480/', 'http://hagenes.com/');
INSERT INTO `track` (`id`, `playlist_id`, `title`, `artist`, `album_picture`, `youtube_url`) VALUES (60, 6, 'Officia unde maiores ut et voluptatem.', 'Mrs. Suzanne Marvin', 'http://lorempixel.com/640/480/', 'http://borer.com/');
INSERT INTO `track` (`id`, `playlist_id`, `title`, `artist`, `album_picture`, `youtube_url`) VALUES (61, 7, 'Aut id dolore eveniet minima dignissimos quis.', 'Thurman Tillman', 'http://lorempixel.com/640/480/', 'http://jacobsonrodriguez.com/');
INSERT INTO `track` (`id`, `playlist_id`, `title`, `artist`, `album_picture`, `youtube_url`) VALUES (62, 8, 'Sed omnis velit sed omnis praesentium sequi.', 'Neva Bayer II', 'http://lorempixel.com/640/480/', 'http://www.abshire.com/');
INSERT INTO `track` (`id`, `playlist_id`, `title`, `artist`, `album_picture`, `youtube_url`) VALUES (63, 9, 'Porro amet nobis inventore quisquam omnis cumque sit placeat.', 'Ms. Mary Corwin Jr.', 'http://lorempixel.com/640/480/', 'http://gerhold.net/');
INSERT INTO `track` (`id`, `playlist_id`, `title`, `artist`, `album_picture`, `youtube_url`) VALUES (64, 10, 'Tempora nam assumenda quo.', 'Marques Upton Sr.', 'http://lorempixel.com/640/480/', 'http://bailey.info/');
INSERT INTO `track` (`id`, `playlist_id`, `title`, `artist`, `album_picture`, `youtube_url`) VALUES (65, 11, 'Ipsam deleniti debitis aut.', 'Ms. Carolyne Heaney DVM', 'http://lorempixel.com/640/480/', 'http://www.nolanlebsack.net/');
INSERT INTO `track` (`id`, `playlist_id`, `title`, `artist`, `album_picture`, `youtube_url`) VALUES (66, 12, 'Dolore ipsam sunt ea.', 'Alana Runolfsson', 'http://lorempixel.com/640/480/', 'http://murraystanton.com/');
INSERT INTO `track` (`id`, `playlist_id`, `title`, `artist`, `album_picture`, `youtube_url`) VALUES (67, 13, 'Cum pariatur qui aut dolorem est animi quis.', 'Jazmyn Kassulke', 'http://lorempixel.com/640/480/', 'http://altenwerthharvey.com/');
INSERT INTO `track` (`id`, `playlist_id`, `title`, `artist`, `album_picture`, `youtube_url`) VALUES (68, 14, 'Iste adipisci doloribus neque consequuntur.', 'Genesis Runte', 'http://lorempixel.com/640/480/', 'http://www.cruickshank.com/');
INSERT INTO `track` (`id`, `playlist_id`, `title`, `artist`, `album_picture`, `youtube_url`) VALUES (69, 15, 'Ut voluptas minima voluptatum atque incidunt minima mollitia sint.', 'Jarret Mohr PhD', 'http://lorempixel.com/640/480/', 'http://cartwright.com/');
INSERT INTO `track` (`id`, `playlist_id`, `title`, `artist`, `album_picture`, `youtube_url`) VALUES (70, 16, 'Rerum et libero magnam est.', 'Ernie Bailey', 'http://lorempixel.com/640/480/', 'http://swift.com/');
INSERT INTO `track` (`id`, `playlist_id`, `title`, `artist`, `album_picture`, `youtube_url`) VALUES (71, 17, 'Ut reiciendis vitae rerum non culpa facilis tempore.', 'Otilia McClure', 'http://lorempixel.com/640/480/', 'http://www.kihn.org/');
INSERT INTO `track` (`id`, `playlist_id`, `title`, `artist`, `album_picture`, `youtube_url`) VALUES (72, 18, 'Voluptatem sed enim tenetur similique corporis impedit.', 'Camille Bauch', 'http://lorempixel.com/640/480/', 'http://www.wehner.com/');
INSERT INTO `track` (`id`, `playlist_id`, `title`, `artist`, `album_picture`, `youtube_url`) VALUES (73, 19, 'Quis veniam nihil unde tenetur doloribus ea ipsam.', 'Orlando Renner Jr.', 'http://lorempixel.com/640/480/', 'http://king.com/');
INSERT INTO `track` (`id`, `playlist_id`, `title`, `artist`, `album_picture`, `youtube_url`) VALUES (74, 20, 'Rerum possimus quis odit eveniet.', 'Prof. Russel Mohr MD', 'http://lorempixel.com/640/480/', 'http://ward.net/');
INSERT INTO `track` (`id`, `playlist_id`, `title`, `artist`, `album_picture`, `youtube_url`) VALUES (75, 21, 'Eius totam voluptate facilis temporibus.', 'Faye Cronin MD', 'http://lorempixel.com/640/480/', 'http://www.webercrist.com/');
INSERT INTO `track` (`id`, `playlist_id`, `title`, `artist`, `album_picture`, `youtube_url`) VALUES (76, 22, 'Voluptas sint eveniet est libero tempora quisquam sunt.', 'Mr. Bennett Kohler', 'http://lorempixel.com/640/480/', 'http://www.grady.com/');
INSERT INTO `track` (`id`, `playlist_id`, `title`, `artist`, `album_picture`, `youtube_url`) VALUES (77, 23, 'Ducimus sed deleniti cum omnis asperiores eveniet.', 'Americo Welch', 'http://lorempixel.com/640/480/', 'http://www.baumbach.com/');
INSERT INTO `track` (`id`, `playlist_id`, `title`, `artist`, `album_picture`, `youtube_url`) VALUES (78, 24, 'Minima rerum perspiciatis amet.', 'Genesis Mosciski', 'http://lorempixel.com/640/480/', 'http://www.fay.com/');
INSERT INTO `track` (`id`, `playlist_id`, `title`, `artist`, `album_picture`, `youtube_url`) VALUES (79, 25, 'Fugit hic assumenda et perferendis et.', 'Eldora Doyle', 'http://lorempixel.com/640/480/', 'http://kihnschulist.biz/');
INSERT INTO `track` (`id`, `playlist_id`, `title`, `artist`, `album_picture`, `youtube_url`) VALUES (80, 26, 'Adipisci atque sit voluptas.', 'Micheal Johnson', 'http://lorempixel.com/640/480/', 'http://www.kertzmannkemmer.com/');
INSERT INTO `track` (`id`, `playlist_id`, `title`, `artist`, `album_picture`, `youtube_url`) VALUES (81, 27, 'Dolorum nesciunt quam doloribus voluptatem reiciendis dolores.', 'Antonette Hauck', 'http://lorempixel.com/640/480/', 'http://www.cormierokuneva.com/');
INSERT INTO `track` (`id`, `playlist_id`, `title`, `artist`, `album_picture`, `youtube_url`) VALUES (82, 1, 'Qui iste eos impedit et.', 'Einar Gerlach', 'http://lorempixel.com/640/480/', 'http://www.schulistschumm.com/');
INSERT INTO `track` (`id`, `playlist_id`, `title`, `artist`, `album_picture`, `youtube_url`) VALUES (83, 2, 'Eligendi et aut cumque nulla ut et et et.', 'Elenora Bogan MD', 'http://lorempixel.com/640/480/', 'http://rolfson.com/');
INSERT INTO `track` (`id`, `playlist_id`, `title`, `artist`, `album_picture`, `youtube_url`) VALUES (84, 3, 'Tenetur et minus adipisci quia est consequatur nesciunt.', 'Prof. Isaac Harber MD', 'http://lorempixel.com/640/480/', 'http://wolff.net/');
INSERT INTO `track` (`id`, `playlist_id`, `title`, `artist`, `album_picture`, `youtube_url`) VALUES (85, 4, 'Ut quasi et rerum animi tempore sit.', 'Nellie Schiller', 'http://lorempixel.com/640/480/', 'http://vonschowalter.com/');
INSERT INTO `track` (`id`, `playlist_id`, `title`, `artist`, `album_picture`, `youtube_url`) VALUES (86, 5, 'Debitis minima reiciendis excepturi ea.', 'Mrs. Ardella Dibbert', 'http://lorempixel.com/640/480/', 'http://lockman.biz/');
INSERT INTO `track` (`id`, `playlist_id`, `title`, `artist`, `album_picture`, `youtube_url`) VALUES (87, 6, 'Aliquam ut voluptatem nulla alias.', 'Carson West DDS', 'http://lorempixel.com/640/480/', 'http://www.mcdermott.org/');
INSERT INTO `track` (`id`, `playlist_id`, `title`, `artist`, `album_picture`, `youtube_url`) VALUES (88, 7, 'Temporibus cupiditate molestiae eveniet ut.', 'Jamaal Bergstrom', 'http://lorempixel.com/640/480/', 'http://www.johnston.com/');
INSERT INTO `track` (`id`, `playlist_id`, `title`, `artist`, `album_picture`, `youtube_url`) VALUES (89, 8, 'Omnis quia dolor ut.', 'Prof. Adelle Dibbert Sr.', 'http://lorempixel.com/640/480/', 'http://reingergaylord.com/');
INSERT INTO `track` (`id`, `playlist_id`, `title`, `artist`, `album_picture`, `youtube_url`) VALUES (90, 9, 'Quia enim ab aut.', 'Casey Daniel', 'http://lorempixel.com/640/480/', 'http://collins.info/');
INSERT INTO `track` (`id`, `playlist_id`, `title`, `artist`, `album_picture`, `youtube_url`) VALUES (91, 10, 'Nihil vitae id voluptate reiciendis.', 'Mrs. Dana Strosin PhD', 'http://lorempixel.com/640/480/', 'http://www.feest.com/');
INSERT INTO `track` (`id`, `playlist_id`, `title`, `artist`, `album_picture`, `youtube_url`) VALUES (92, 11, 'Et et nemo aliquid asperiores consectetur voluptatem commodi.', 'Tessie Kunze', 'http://lorempixel.com/640/480/', 'http://mrazjakubowski.com/');
INSERT INTO `track` (`id`, `playlist_id`, `title`, `artist`, `album_picture`, `youtube_url`) VALUES (93, 12, 'Quos nulla accusantium iste accusantium.', 'Dr. Vivian Kertzmann', 'http://lorempixel.com/640/480/', 'http://www.hoppe.com/');
INSERT INTO `track` (`id`, `playlist_id`, `title`, `artist`, `album_picture`, `youtube_url`) VALUES (94, 13, 'Id voluptatem commodi officiis ea quo.', 'Gerda Lang', 'http://lorempixel.com/640/480/', 'http://krajcik.com/');
INSERT INTO `track` (`id`, `playlist_id`, `title`, `artist`, `album_picture`, `youtube_url`) VALUES (95, 14, 'Itaque magnam qui recusandae totam ullam molestias.', 'Prudence Macejkovic', 'http://lorempixel.com/640/480/', 'http://www.weissnat.com/');
INSERT INTO `track` (`id`, `playlist_id`, `title`, `artist`, `album_picture`, `youtube_url`) VALUES (96, 15, 'Maxime officiis animi illum nobis eos iste.', 'Caitlyn Lebsack Sr.', 'http://lorempixel.com/640/480/', 'http://www.stiedemann.com/');
INSERT INTO `track` (`id`, `playlist_id`, `title`, `artist`, `album_picture`, `youtube_url`) VALUES (97, 16, 'Quam magnam ea exercitationem laborum voluptatibus.', 'Dr. Coty Littel DVM', 'http://lorempixel.com/640/480/', 'http://gutkowskiwisozk.com/');
INSERT INTO `track` (`id`, `playlist_id`, `title`, `artist`, `album_picture`, `youtube_url`) VALUES (98, 17, 'Non dolorum et est qui inventore.', 'Vergie Abshire', 'http://lorempixel.com/640/480/', 'http://www.kiehn.org/');
INSERT INTO `track` (`id`, `playlist_id`, `title`, `artist`, `album_picture`, `youtube_url`) VALUES (99, 18, 'Magnam et dolores exercitationem dolorem ut eius aut error.', 'Wellington Kshlerin', 'http://lorempixel.com/640/480/', 'http://www.schaefer.biz/');
INSERT INTO `track` (`id`, `playlist_id`, `title`, `artist`, `album_picture`, `youtube_url`) VALUES (100, 19, 'Perferendis est ut deleniti ipsum.', 'Isai Ryan', 'http://lorempixel.com/640/480/', 'http://zulauf.org/');
INSERT INTO `track` (`id`, `playlist_id`, `title`, `artist`, `album_picture`, `youtube_url`) VALUES (101, 20, 'Deleniti excepturi et et accusamus facilis voluptatibus consequatur.', 'Dr. Dawson Mann', 'http://lorempixel.com/640/480/', 'http://www.okon.com/');
INSERT INTO `track` (`id`, `playlist_id`, `title`, `artist`, `album_picture`, `youtube_url`) VALUES (102, 21, 'Aperiam ex ipsa qui at quos enim.', 'Ms. Marilie Schultz Sr.', 'http://lorempixel.com/640/480/', 'http://www.daniel.info/');
INSERT INTO `track` (`id`, `playlist_id`, `title`, `artist`, `album_picture`, `youtube_url`) VALUES (103, 22, 'Blanditiis corrupti vel qui accusantium vitae.', 'Destiney Casper III', 'http://lorempixel.com/640/480/', 'http://www.kinghuels.com/');
INSERT INTO `track` (`id`, `playlist_id`, `title`, `artist`, `album_picture`, `youtube_url`) VALUES (104, 23, 'Nihil assumenda consectetur quibusdam accusantium repellendus voluptatem error amet.', 'Greta Champlin', 'http://lorempixel.com/640/480/', 'http://boganwhite.net/');
INSERT INTO `track` (`id`, `playlist_id`, `title`, `artist`, `album_picture`, `youtube_url`) VALUES (105, 24, 'Sit aut quis excepturi quidem nisi nam.', 'Retta Keebler', 'http://lorempixel.com/640/480/', 'http://schiller.com/');
INSERT INTO `track` (`id`, `playlist_id`, `title`, `artist`, `album_picture`, `youtube_url`) VALUES (106, 25, 'Tempora quisquam veniam amet hic.', 'Thea Schiller III', 'http://lorempixel.com/640/480/', 'http://murphy.info/');
INSERT INTO `track` (`id`, `playlist_id`, `title`, `artist`, `album_picture`, `youtube_url`) VALUES (107, 26, 'Placeat voluptas iste non nemo provident.', 'Myrl Raynor IV', 'http://lorempixel.com/640/480/', 'http://waelchi.com/');
INSERT INTO `track` (`id`, `playlist_id`, `title`, `artist`, `album_picture`, `youtube_url`) VALUES (108, 27, 'Magnam modi qui quam.', 'Lottie Nitzsche', 'http://lorempixel.com/640/480/', 'http://glover.net/');
INSERT INTO `track` (`id`, `playlist_id`, `title`, `artist`, `album_picture`, `youtube_url`) VALUES (109, 1, 'Et quibusdam ut exercitationem beatae recusandae voluptate ipsum.', 'Jade Beahan', 'http://lorempixel.com/640/480/', 'http://www.corkery.com/');
INSERT INTO `track` (`id`, `playlist_id`, `title`, `artist`, `album_picture`, `youtube_url`) VALUES (110, 2, 'Et qui voluptate nihil cum.', 'Prof. Bridget Konopelski III', 'http://lorempixel.com/640/480/', 'http://www.marvin.com/');
INSERT INTO `track` (`id`, `playlist_id`, `title`, `artist`, `album_picture`, `youtube_url`) VALUES (111, 3, 'Et expedita qui reprehenderit libero dicta.', 'Kenyatta Kris Sr.', 'http://lorempixel.com/640/480/', 'http://www.hoeger.info/');
INSERT INTO `track` (`id`, `playlist_id`, `title`, `artist`, `album_picture`, `youtube_url`) VALUES (112, 4, 'Occaecati optio fugit aspernatur ducimus.', 'Vivienne Volkman', 'http://lorempixel.com/640/480/', 'http://www.homenick.org/');
INSERT INTO `track` (`id`, `playlist_id`, `title`, `artist`, `album_picture`, `youtube_url`) VALUES (113, 5, 'Debitis et eius aliquid et tempora laborum natus.', 'Christy Hauck', 'http://lorempixel.com/640/480/', 'http://www.bashirian.biz/');
INSERT INTO `track` (`id`, `playlist_id`, `title`, `artist`, `album_picture`, `youtube_url`) VALUES (114, 6, 'Sequi et praesentium sit officiis.', 'Neva Wintheiser', 'http://lorempixel.com/640/480/', 'http://www.kerluke.com/');
INSERT INTO `track` (`id`, `playlist_id`, `title`, `artist`, `album_picture`, `youtube_url`) VALUES (115, 7, 'Quis qui quos nobis possimus.', 'Dr. Jacquelyn Ondricka', 'http://lorempixel.com/640/480/', 'http://www.cronagusikowski.com/');
INSERT INTO `track` (`id`, `playlist_id`, `title`, `artist`, `album_picture`, `youtube_url`) VALUES (116, 8, 'Eius provident inventore quos rerum aut et quo ab.', 'Gayle Cremin', 'http://lorempixel.com/640/480/', 'http://www.oreilly.com/');
INSERT INTO `track` (`id`, `playlist_id`, `title`, `artist`, `album_picture`, `youtube_url`) VALUES (117, 9, 'Nihil aut molestiae ut et aut quidem nihil.', 'Melyna Crist', 'http://lorempixel.com/640/480/', 'http://bergstrom.com/');
INSERT INTO `track` (`id`, `playlist_id`, `title`, `artist`, `album_picture`, `youtube_url`) VALUES (118, 10, 'Eius dolore dolorem ut earum quasi non ea odit.', 'Letha Bruen', 'http://lorempixel.com/640/480/', 'http://www.reichel.biz/');
INSERT INTO `track` (`id`, `playlist_id`, `title`, `artist`, `album_picture`, `youtube_url`) VALUES (119, 11, 'Labore aut itaque voluptates veritatis incidunt dolorem quos.', 'Marlene Mosciski', 'http://lorempixel.com/640/480/', 'http://pagaclarson.com/');
INSERT INTO `track` (`id`, `playlist_id`, `title`, `artist`, `album_picture`, `youtube_url`) VALUES (120, 12, 'Dolorem soluta quia iure mollitia.', 'Joy Ebert', 'http://lorempixel.com/640/480/', 'http://blick.com/');
INSERT INTO `track` (`id`, `playlist_id`, `title`, `artist`, `album_picture`, `youtube_url`) VALUES (121, 13, 'Vitae nemo minus eius aut in aut dignissimos.', 'Rod Johnston III', 'http://lorempixel.com/640/480/', 'http://crist.com/');
INSERT INTO `track` (`id`, `playlist_id`, `title`, `artist`, `album_picture`, `youtube_url`) VALUES (122, 14, 'Enim id id vel provident nihil quo officiis.', 'Prof. Frederic Weimann MD', 'http://lorempixel.com/640/480/', 'http://bernier.info/');
INSERT INTO `track` (`id`, `playlist_id`, `title`, `artist`, `album_picture`, `youtube_url`) VALUES (123, 15, 'Esse maiores deleniti eum dolorem eos iure nobis qui.', 'Raquel Steuber', 'http://lorempixel.com/640/480/', 'http://hintzmraz.net/');
INSERT INTO `track` (`id`, `playlist_id`, `title`, `artist`, `album_picture`, `youtube_url`) VALUES (124, 16, 'Iste sed et est culpa a minima.', 'Alanna Bergstrom', 'http://lorempixel.com/640/480/', 'http://brekke.com/');
INSERT INTO `track` (`id`, `playlist_id`, `title`, `artist`, `album_picture`, `youtube_url`) VALUES (125, 17, 'Quam est voluptate libero corporis beatae consequuntur est tempora.', 'Hassie Buckridge', 'http://lorempixel.com/640/480/', 'http://ziemejones.com/');
INSERT INTO `track` (`id`, `playlist_id`, `title`, `artist`, `album_picture`, `youtube_url`) VALUES (126, 18, 'Optio nesciunt sint dolore ut est accusamus eligendi aut.', 'Ashlynn Parisian', 'http://lorempixel.com/640/480/', 'http://www.parker.net/');
INSERT INTO `track` (`id`, `playlist_id`, `title`, `artist`, `album_picture`, `youtube_url`) VALUES (127, 19, 'Dignissimos atque reprehenderit dolorem necessitatibus accusantium et eligendi velit.', 'Prof. Mae Klocko', 'http://lorempixel.com/640/480/', 'http://ortiz.info/');
INSERT INTO `track` (`id`, `playlist_id`, `title`, `artist`, `album_picture`, `youtube_url`) VALUES (128, 20, 'Sed dicta commodi eos debitis in sunt pariatur.', 'Ken Carroll', 'http://lorempixel.com/640/480/', 'http://schamberger.net/');
INSERT INTO `track` (`id`, `playlist_id`, `title`, `artist`, `album_picture`, `youtube_url`) VALUES (129, 21, 'Ea occaecati cupiditate in fugiat.', 'Conner Romaguera II', 'http://lorempixel.com/640/480/', 'http://mcdermottyundt.com/');
INSERT INTO `track` (`id`, `playlist_id`, `title`, `artist`, `album_picture`, `youtube_url`) VALUES (130, 22, 'Qui ratione sunt sed id.', 'Mikayla Gusikowski', 'http://lorempixel.com/640/480/', 'http://www.beier.info/');
INSERT INTO `track` (`id`, `playlist_id`, `title`, `artist`, `album_picture`, `youtube_url`) VALUES (131, 23, 'Qui rerum qui velit et sit dolorum quidem.', 'Rolando Block Jr.', 'http://lorempixel.com/640/480/', 'http://www.nikolaushilpert.org/');
INSERT INTO `track` (`id`, `playlist_id`, `title`, `artist`, `album_picture`, `youtube_url`) VALUES (132, 24, 'Voluptate sit dolor inventore.', 'Miss Verdie Senger', 'http://lorempixel.com/640/480/', 'http://kunzekoepp.com/');
INSERT INTO `track` (`id`, `playlist_id`, `title`, `artist`, `album_picture`, `youtube_url`) VALUES (133, 25, 'Similique et blanditiis aut voluptates.', 'Benny Torphy', 'http://lorempixel.com/640/480/', 'http://www.ortiz.com/');
INSERT INTO `track` (`id`, `playlist_id`, `title`, `artist`, `album_picture`, `youtube_url`) VALUES (134, 26, 'Qui perspiciatis omnis consequatur et quod.', 'Mr. Gonzalo Hartmann', 'http://lorempixel.com/640/480/', 'http://thielohara.biz/');
INSERT INTO `track` (`id`, `playlist_id`, `title`, `artist`, `album_picture`, `youtube_url`) VALUES (135, 27, 'Pariatur cupiditate est quisquam.', 'Mellie Mann', 'http://lorempixel.com/640/480/', 'http://casper.com/');
INSERT INTO `track` (`id`, `playlist_id`, `title`, `artist`, `album_picture`, `youtube_url`) VALUES (136, 1, 'Dicta animi doloremque occaecati error.', 'Nannie Rosenbaum', 'http://lorempixel.com/640/480/', 'http://www.hirtheframi.com/');
INSERT INTO `track` (`id`, `playlist_id`, `title`, `artist`, `album_picture`, `youtube_url`) VALUES (137, 2, 'Sunt et repudiandae animi sed provident.', 'Dr. Dejah Ledner', 'http://lorempixel.com/640/480/', 'http://www.schmitt.com/');
INSERT INTO `track` (`id`, `playlist_id`, `title`, `artist`, `album_picture`, `youtube_url`) VALUES (138, 3, 'Sed repudiandae nihil dolores id.', 'Nicklaus Raynor', 'http://lorempixel.com/640/480/', 'http://hansenkuphal.net/');
INSERT INTO `track` (`id`, `playlist_id`, `title`, `artist`, `album_picture`, `youtube_url`) VALUES (139, 4, 'Reiciendis enim perspiciatis eum est id ea.', 'Mrs. Viola Bailey', 'http://lorempixel.com/640/480/', 'http://www.douglas.biz/');
INSERT INTO `track` (`id`, `playlist_id`, `title`, `artist`, `album_picture`, `youtube_url`) VALUES (140, 5, 'Magnam nihil consectetur excepturi amet accusantium adipisci ab.', 'Loy Kling', 'http://lorempixel.com/640/480/', 'http://www.franeckirowe.com/');
INSERT INTO `track` (`id`, `playlist_id`, `title`, `artist`, `album_picture`, `youtube_url`) VALUES (141, 6, 'Laudantium quidem vero vel non ut voluptas atque at.', 'Joana Farrell', 'http://lorempixel.com/640/480/', 'http://pollichwunsch.com/');
INSERT INTO `track` (`id`, `playlist_id`, `title`, `artist`, `album_picture`, `youtube_url`) VALUES (142, 7, 'Nemo qui quisquam occaecati non sed.', 'Hiram Predovic', 'http://lorempixel.com/640/480/', 'http://www.hackett.com/');
INSERT INTO `track` (`id`, `playlist_id`, `title`, `artist`, `album_picture`, `youtube_url`) VALUES (143, 8, 'Laudantium voluptatibus sint aperiam et autem fuga.', 'Anita Streich', 'http://lorempixel.com/640/480/', 'http://jenkins.net/');
INSERT INTO `track` (`id`, `playlist_id`, `title`, `artist`, `album_picture`, `youtube_url`) VALUES (144, 9, 'Ipsa dicta qui maxime ab qui beatae.', 'Bert Fadel MD', 'http://lorempixel.com/640/480/', 'http://miller.com/');
INSERT INTO `track` (`id`, `playlist_id`, `title`, `artist`, `album_picture`, `youtube_url`) VALUES (145, 10, 'Sed dolore dicta tempore nesciunt repellendus itaque.', 'Josianne Leffler', 'http://lorempixel.com/640/480/', 'http://bruenreichel.net/');
INSERT INTO `track` (`id`, `playlist_id`, `title`, `artist`, `album_picture`, `youtube_url`) VALUES (146, 11, 'Tempore qui ut totam inventore ipsum alias.', 'Mrs. Sabina Schultz III', 'http://lorempixel.com/640/480/', 'http://keebler.com/');
INSERT INTO `track` (`id`, `playlist_id`, `title`, `artist`, `album_picture`, `youtube_url`) VALUES (147, 12, 'Cum dolorum doloremque ipsa eos.', 'Retta Kirlin', 'http://lorempixel.com/640/480/', 'http://schroeder.com/');
INSERT INTO `track` (`id`, `playlist_id`, `title`, `artist`, `album_picture`, `youtube_url`) VALUES (148, 13, 'Nesciunt temporibus distinctio et eos.', 'Ambrose Moen II', 'http://lorempixel.com/640/480/', 'http://www.murazikmoore.org/');
INSERT INTO `track` (`id`, `playlist_id`, `title`, `artist`, `album_picture`, `youtube_url`) VALUES (149, 14, 'Nulla harum pariatur qui magnam.', 'Dr. Zaria Schulist Sr.', 'http://lorempixel.com/640/480/', 'http://www.jacobson.biz/');
INSERT INTO `track` (`id`, `playlist_id`, `title`, `artist`, `album_picture`, `youtube_url`) VALUES (150, 15, 'Alias repellendus delectus quos nam molestiae voluptatem.', 'Dr. Polly Wuckert III', 'http://lorempixel.com/640/480/', 'http://gibson.com/');
INSERT INTO `track` (`id`, `playlist_id`, `title`, `artist`, `album_picture`, `youtube_url`) VALUES (151, 16, 'Eos voluptates quae fugit aliquid nesciunt consequatur pariatur officiis.', 'Adolph Yundt', 'http://lorempixel.com/640/480/', 'http://harvey.info/');
INSERT INTO `track` (`id`, `playlist_id`, `title`, `artist`, `album_picture`, `youtube_url`) VALUES (152, 17, 'Eos accusantium illo eum dolorem.', 'Mrs. Elfrieda Witting', 'http://lorempixel.com/640/480/', 'http://herzog.com/');
INSERT INTO `track` (`id`, `playlist_id`, `title`, `artist`, `album_picture`, `youtube_url`) VALUES (153, 18, 'Nemo illum quidem est consequatur.', 'Elza Feil V', 'http://lorempixel.com/640/480/', 'http://crist.com/');
INSERT INTO `track` (`id`, `playlist_id`, `title`, `artist`, `album_picture`, `youtube_url`) VALUES (154, 19, 'Velit provident aliquid id commodi minus.', 'Tad Braun', 'http://lorempixel.com/640/480/', 'http://turcotte.info/');
INSERT INTO `track` (`id`, `playlist_id`, `title`, `artist`, `album_picture`, `youtube_url`) VALUES (155, 20, 'Error possimus sed dolorum quidem.', 'Miss Myrtie Doyle', 'http://lorempixel.com/640/480/', 'http://gleason.org/');
INSERT INTO `track` (`id`, `playlist_id`, `title`, `artist`, `album_picture`, `youtube_url`) VALUES (156, 21, 'Et ut dolores tempore maiores ratione.', 'Gisselle Braun Sr.', 'http://lorempixel.com/640/480/', 'http://www.kuhn.com/');
INSERT INTO `track` (`id`, `playlist_id`, `title`, `artist`, `album_picture`, `youtube_url`) VALUES (157, 22, 'Illo quia exercitationem sapiente sint optio consequatur.', 'Dr. Pearlie Grimes I', 'http://lorempixel.com/640/480/', 'http://walsh.com/');
INSERT INTO `track` (`id`, `playlist_id`, `title`, `artist`, `album_picture`, `youtube_url`) VALUES (158, 23, 'Sed voluptatem qui soluta nisi ducimus ratione ut reprehenderit.', 'Dr. Herman Lubowitz Sr.', 'http://lorempixel.com/640/480/', 'http://www.fahey.com/');
INSERT INTO `track` (`id`, `playlist_id`, `title`, `artist`, `album_picture`, `youtube_url`) VALUES (159, 24, 'Corrupti a fugiat doloribus nihil est nobis.', 'Gregoria Renner', 'http://lorempixel.com/640/480/', 'http://jacobiconn.com/');
INSERT INTO `track` (`id`, `playlist_id`, `title`, `artist`, `album_picture`, `youtube_url`) VALUES (160, 25, 'Laborum quaerat iusto velit sint cumque.', 'Georgette Koch', 'http://lorempixel.com/640/480/', 'http://cormier.net/');
INSERT INTO `track` (`id`, `playlist_id`, `title`, `artist`, `album_picture`, `youtube_url`) VALUES (161, 26, 'Velit nesciunt ut omnis doloremque recusandae et occaecati.', 'Justen Nolan', 'http://lorempixel.com/640/480/', 'http://lebsack.com/');
INSERT INTO `track` (`id`, `playlist_id`, `title`, `artist`, `album_picture`, `youtube_url`) VALUES (162, 27, 'Voluptas rerum fugiat quis rerum id esse.', 'Jonatan Stamm', 'http://lorempixel.com/640/480/', 'http://vonrueden.com/');
INSERT INTO `track` (`id`, `playlist_id`, `title`, `artist`, `album_picture`, `youtube_url`) VALUES (163, 1, 'Ut totam odio ea est.', 'Mrs. Andreane Armstrong II', 'http://lorempixel.com/640/480/', 'http://ziemann.org/');
INSERT INTO `track` (`id`, `playlist_id`, `title`, `artist`, `album_picture`, `youtube_url`) VALUES (164, 2, 'Accusamus non corrupti quia mollitia voluptas ea impedit voluptatem.', 'Andrew Cassin', 'http://lorempixel.com/640/480/', 'http://www.wintheiserkeeling.com/');
INSERT INTO `track` (`id`, `playlist_id`, `title`, `artist`, `album_picture`, `youtube_url`) VALUES (165, 3, 'Et asperiores consequatur vero natus.', 'Luisa Halvorson', 'http://lorempixel.com/640/480/', 'http://beahan.com/');
INSERT INTO `track` (`id`, `playlist_id`, `title`, `artist`, `album_picture`, `youtube_url`) VALUES (166, 4, 'Delectus modi eveniet rerum eum.', 'Violet Stracke', 'http://lorempixel.com/640/480/', 'http://www.legrosrodriguez.com/');
INSERT INTO `track` (`id`, `playlist_id`, `title`, `artist`, `album_picture`, `youtube_url`) VALUES (167, 5, 'Architecto reiciendis nesciunt non.', 'Forest Wilkinson', 'http://lorempixel.com/640/480/', 'http://www.maggio.info/');
INSERT INTO `track` (`id`, `playlist_id`, `title`, `artist`, `album_picture`, `youtube_url`) VALUES (168, 6, 'Esse ipsam nulla mollitia sed et nisi.', 'Natasha Dare', 'http://lorempixel.com/640/480/', 'http://von.com/');
INSERT INTO `track` (`id`, `playlist_id`, `title`, `artist`, `album_picture`, `youtube_url`) VALUES (169, 7, 'Voluptates aspernatur et eligendi ea porro aut.', 'Reuben Bernier', 'http://lorempixel.com/640/480/', 'http://schamberger.org/');
INSERT INTO `track` (`id`, `playlist_id`, `title`, `artist`, `album_picture`, `youtube_url`) VALUES (170, 8, 'Nulla et beatae dolorem accusantium.', 'Demetris Bednar', 'http://lorempixel.com/640/480/', 'http://www.hoegerhudson.biz/');
INSERT INTO `track` (`id`, `playlist_id`, `title`, `artist`, `album_picture`, `youtube_url`) VALUES (171, 9, 'Aperiam et ut vel possimus est accusantium assumenda ea.', 'Dr. Philip Collins', 'http://lorempixel.com/640/480/', 'http://www.schimmel.com/');
INSERT INTO `track` (`id`, `playlist_id`, `title`, `artist`, `album_picture`, `youtube_url`) VALUES (172, 10, 'Corrupti atque et sequi deleniti earum neque nemo.', 'Adrienne McCullough', 'http://lorempixel.com/640/480/', 'http://jerde.info/');
INSERT INTO `track` (`id`, `playlist_id`, `title`, `artist`, `album_picture`, `youtube_url`) VALUES (173, 11, 'Non eum sed consequuntur itaque quos omnis maxime.', 'Joaquin Roob', 'http://lorempixel.com/640/480/', 'http://www.auerrolfson.com/');
INSERT INTO `track` (`id`, `playlist_id`, `title`, `artist`, `album_picture`, `youtube_url`) VALUES (174, 12, 'Est laudantium pariatur voluptates voluptas.', 'Mr. Erik Connelly', 'http://lorempixel.com/640/480/', 'http://reichelorn.com/');
INSERT INTO `track` (`id`, `playlist_id`, `title`, `artist`, `album_picture`, `youtube_url`) VALUES (175, 13, 'Provident rerum aliquid quidem.', 'Gail Abshire', 'http://lorempixel.com/640/480/', 'http://halvorsongoyette.com/');
INSERT INTO `track` (`id`, `playlist_id`, `title`, `artist`, `album_picture`, `youtube_url`) VALUES (176, 14, 'At id odit magni consequatur.', 'Weston Ward', 'http://lorempixel.com/640/480/', 'http://beier.org/');
INSERT INTO `track` (`id`, `playlist_id`, `title`, `artist`, `album_picture`, `youtube_url`) VALUES (177, 15, 'Hic est a consectetur voluptatem voluptatem et quasi.', 'Fredy Friesen', 'http://lorempixel.com/640/480/', 'http://bode.com/');
INSERT INTO `track` (`id`, `playlist_id`, `title`, `artist`, `album_picture`, `youtube_url`) VALUES (178, 16, 'Deserunt iste consequatur rerum qui.', 'Prof. Jedidiah Wolff', 'http://lorempixel.com/640/480/', 'http://www.kutch.com/');
INSERT INTO `track` (`id`, `playlist_id`, `title`, `artist`, `album_picture`, `youtube_url`) VALUES (179, 17, 'Qui quaerat maiores quaerat dolores.', 'Ebba Walker V', 'http://lorempixel.com/640/480/', 'http://satterfield.com/');
INSERT INTO `track` (`id`, `playlist_id`, `title`, `artist`, `album_picture`, `youtube_url`) VALUES (180, 18, 'Omnis qui laborum qui.', 'Orpha Wilderman', 'http://lorempixel.com/640/480/', 'http://www.padberg.net/');
INSERT INTO `track` (`id`, `playlist_id`, `title`, `artist`, `album_picture`, `youtube_url`) VALUES (181, 19, 'Voluptas modi non et.', 'Lottie Rutherford', 'http://lorempixel.com/640/480/', 'http://satterfieldpfeffer.com/');
INSERT INTO `track` (`id`, `playlist_id`, `title`, `artist`, `album_picture`, `youtube_url`) VALUES (182, 20, 'Ducimus sed consequatur omnis labore.', 'Miss Mandy Mills MD', 'http://lorempixel.com/640/480/', 'http://www.jacobidoyle.biz/');
INSERT INTO `track` (`id`, `playlist_id`, `title`, `artist`, `album_picture`, `youtube_url`) VALUES (183, 21, 'Aut id blanditiis voluptatem et rerum atque facilis.', 'Arturo Lebsack', 'http://lorempixel.com/640/480/', 'http://www.heaney.info/');
INSERT INTO `track` (`id`, `playlist_id`, `title`, `artist`, `album_picture`, `youtube_url`) VALUES (184, 22, 'Aut sint totam et qui nam.', 'Emery Schimmel', 'http://lorempixel.com/640/480/', 'http://www.waelchi.com/');
INSERT INTO `track` (`id`, `playlist_id`, `title`, `artist`, `album_picture`, `youtube_url`) VALUES (185, 23, 'Tempore recusandae quisquam consectetur aut id.', 'Providenci Leffler', 'http://lorempixel.com/640/480/', 'http://mills.info/');
INSERT INTO `track` (`id`, `playlist_id`, `title`, `artist`, `album_picture`, `youtube_url`) VALUES (186, 24, 'Velit error quam autem consequuntur.', 'Timmy Balistreri DVM', 'http://lorempixel.com/640/480/', 'http://beahan.biz/');
INSERT INTO `track` (`id`, `playlist_id`, `title`, `artist`, `album_picture`, `youtube_url`) VALUES (187, 25, 'Quaerat beatae distinctio occaecati facilis eum non.', 'Prof. Rafaela Trantow', 'http://lorempixel.com/640/480/', 'http://www.mayerttowne.com/');
INSERT INTO `track` (`id`, `playlist_id`, `title`, `artist`, `album_picture`, `youtube_url`) VALUES (188, 26, 'Ipsum earum sunt at maxime alias et.', 'Kenyatta Weber II', 'http://lorempixel.com/640/480/', 'http://www.rohan.info/');
INSERT INTO `track` (`id`, `playlist_id`, `title`, `artist`, `album_picture`, `youtube_url`) VALUES (189, 27, 'Tempora repellendus suscipit rem vero velit cupiditate quasi.', 'Mr. Wayne Heaney', 'http://lorempixel.com/640/480/', 'http://www.waelchi.net/');
INSERT INTO `track` (`id`, `playlist_id`, `title`, `artist`, `album_picture`, `youtube_url`) VALUES (190, 1, 'Aut exercitationem quia ea dolorem animi tempore.', 'Kelli Rogahn', 'http://lorempixel.com/640/480/', 'http://cummings.com/');
INSERT INTO `track` (`id`, `playlist_id`, `title`, `artist`, `album_picture`, `youtube_url`) VALUES (191, 2, 'Laborum aut quod cumque qui quia dolores.', 'Mrs. Nona Feil', 'http://lorempixel.com/640/480/', 'http://keebler.com/');
INSERT INTO `track` (`id`, `playlist_id`, `title`, `artist`, `album_picture`, `youtube_url`) VALUES (192, 3, 'Nesciunt optio dolor aut occaecati.', 'Garrison Schroeder', 'http://lorempixel.com/640/480/', 'http://schroeder.com/');
INSERT INTO `track` (`id`, `playlist_id`, `title`, `artist`, `album_picture`, `youtube_url`) VALUES (193, 4, 'Impedit cupiditate laboriosam neque corporis autem eaque.', 'Mr. Benton Jenkins', 'http://lorempixel.com/640/480/', 'http://www.fahey.biz/');
INSERT INTO `track` (`id`, `playlist_id`, `title`, `artist`, `album_picture`, `youtube_url`) VALUES (194, 5, 'Quia eos aperiam rerum.', 'Augustine Koelpin', 'http://lorempixel.com/640/480/', 'http://waelchi.com/');
INSERT INTO `track` (`id`, `playlist_id`, `title`, `artist`, `album_picture`, `youtube_url`) VALUES (195, 6, 'Aut excepturi velit porro rem quis.', 'Brooklyn Hoppe', 'http://lorempixel.com/640/480/', 'http://www.mosciski.com/');
INSERT INTO `track` (`id`, `playlist_id`, `title`, `artist`, `album_picture`, `youtube_url`) VALUES (196, 7, 'Est beatae ut odio nihil alias aut.', 'Arianna Rice', 'http://lorempixel.com/640/480/', 'http://www.runolfsdottir.biz/');
INSERT INTO `track` (`id`, `playlist_id`, `title`, `artist`, `album_picture`, `youtube_url`) VALUES (197, 8, 'Exercitationem iure soluta omnis.', 'Dell Reichel', 'http://lorempixel.com/640/480/', 'http://www.beatty.com/');
INSERT INTO `track` (`id`, `playlist_id`, `title`, `artist`, `album_picture`, `youtube_url`) VALUES (198, 9, 'Perferendis ut voluptatum ea qui et ut rerum.', 'Luther Blanda', 'http://lorempixel.com/640/480/', 'http://kerlukegislason.com/');
INSERT INTO `track` (`id`, `playlist_id`, `title`, `artist`, `album_picture`, `youtube_url`) VALUES (199, 10, 'Quia repudiandae autem sit et.', 'Dr. Arne Ratke Sr.', 'http://lorempixel.com/640/480/', 'http://wolfreynolds.com/');
INSERT INTO `track` (`id`, `playlist_id`, `title`, `artist`, `album_picture`, `youtube_url`) VALUES (200, 11, 'Culpa consectetur animi harum.', 'Madge Metz Jr.', 'http://lorempixel.com/640/480/', 'http://shields.com/');
INSERT INTO `track` (`id`, `playlist_id`, `title`, `artist`, `album_picture`, `youtube_url`) VALUES (201, 12, 'Voluptas quia itaque tenetur a.', 'Vicente Powlowski', 'http://lorempixel.com/640/480/', 'http://doyle.net/');
INSERT INTO `track` (`id`, `playlist_id`, `title`, `artist`, `album_picture`, `youtube_url`) VALUES (202, 13, 'Et et optio occaecati quis aut corrupti.', 'Prof. Carol Hintz', 'http://lorempixel.com/640/480/', 'http://schmitt.com/');
INSERT INTO `track` (`id`, `playlist_id`, `title`, `artist`, `album_picture`, `youtube_url`) VALUES (203, 14, 'Dolor sed repellendus doloremque quod.', 'Jacquelyn Murray', 'http://lorempixel.com/640/480/', 'http://www.treutel.org/');
INSERT INTO `track` (`id`, `playlist_id`, `title`, `artist`, `album_picture`, `youtube_url`) VALUES (204, 15, 'Impedit et eum similique laboriosam doloribus tempore eligendi.', 'Mrs. Tania Adams', 'http://lorempixel.com/640/480/', 'http://www.prohaskacarroll.org/');
INSERT INTO `track` (`id`, `playlist_id`, `title`, `artist`, `album_picture`, `youtube_url`) VALUES (205, 16, 'Sunt omnis ut minima.', 'Aurore Little DDS', 'http://lorempixel.com/640/480/', 'http://ledner.com/');
INSERT INTO `track` (`id`, `playlist_id`, `title`, `artist`, `album_picture`, `youtube_url`) VALUES (206, 17, 'Ullam molestiae consectetur sapiente sit asperiores.', 'Mr. Boris Mraz IV', 'http://lorempixel.com/640/480/', 'http://www.glover.com/');
INSERT INTO `track` (`id`, `playlist_id`, `title`, `artist`, `album_picture`, `youtube_url`) VALUES (207, 18, 'Soluta ut velit necessitatibus unde molestias et.', 'Abbigail Beatty DDS', 'http://lorempixel.com/640/480/', 'http://greenholt.com/');
INSERT INTO `track` (`id`, `playlist_id`, `title`, `artist`, `album_picture`, `youtube_url`) VALUES (208, 19, 'Odit minima aperiam assumenda tenetur fugiat repellat molestiae.', 'Dr. Bernard Price', 'http://lorempixel.com/640/480/', 'http://hartmann.info/');
INSERT INTO `track` (`id`, `playlist_id`, `title`, `artist`, `album_picture`, `youtube_url`) VALUES (209, 20, 'Et eos aperiam qui officiis.', 'Stephany Mosciski', 'http://lorempixel.com/640/480/', 'http://kub.net/');
INSERT INTO `track` (`id`, `playlist_id`, `title`, `artist`, `album_picture`, `youtube_url`) VALUES (210, 21, 'A placeat debitis voluptas nemo impedit.', 'Elisa Pollich', 'http://lorempixel.com/640/480/', 'http://www.mullerpfannerstill.com/');
INSERT INTO `track` (`id`, `playlist_id`, `title`, `artist`, `album_picture`, `youtube_url`) VALUES (211, 22, 'Inventore totam et sequi quo qui.', 'Prof. Lily Kassulke IV', 'http://lorempixel.com/640/480/', 'http://schoen.net/');
INSERT INTO `track` (`id`, `playlist_id`, `title`, `artist`, `album_picture`, `youtube_url`) VALUES (212, 23, 'Qui omnis velit at labore animi reiciendis.', 'Lonny Terry IV', 'http://lorempixel.com/640/480/', 'http://tremblay.com/');
INSERT INTO `track` (`id`, `playlist_id`, `title`, `artist`, `album_picture`, `youtube_url`) VALUES (213, 24, 'Ab earum molestias qui quia odio pariatur et temporibus.', 'Callie Schoen', 'http://lorempixel.com/640/480/', 'http://www.erdmanwilderman.net/');
INSERT INTO `track` (`id`, `playlist_id`, `title`, `artist`, `album_picture`, `youtube_url`) VALUES (214, 25, 'Quis sequi ex ea quis tenetur assumenda.', 'Susan Daugherty', 'http://lorempixel.com/640/480/', 'http://leannon.com/');
INSERT INTO `track` (`id`, `playlist_id`, `title`, `artist`, `album_picture`, `youtube_url`) VALUES (215, 26, 'Voluptatem enim nobis est aut porro officiis.', 'Prof. Jayden Miller IV', 'http://lorempixel.com/640/480/', 'http://www.mclaughlinfeest.net/');
INSERT INTO `track` (`id`, `playlist_id`, `title`, `artist`, `album_picture`, `youtube_url`) VALUES (216, 27, 'Minima est exercitationem quia impedit et et.', 'Brook Abbott', 'http://lorempixel.com/640/480/', 'http://www.jakubowski.com/');
INSERT INTO `track` (`id`, `playlist_id`, `title`, `artist`, `album_picture`, `youtube_url`) VALUES (217, 1, 'Voluptatem nobis sint possimus voluptatem quod eius.', 'Cornelius Fadel', 'http://lorempixel.com/640/480/', 'http://www.kilback.biz/');
INSERT INTO `track` (`id`, `playlist_id`, `title`, `artist`, `album_picture`, `youtube_url`) VALUES (218, 2, 'Ut dolorem magni voluptatibus quasi.', 'Nellie Lang Jr.', 'http://lorempixel.com/640/480/', 'http://www.schowalter.net/');
INSERT INTO `track` (`id`, `playlist_id`, `title`, `artist`, `album_picture`, `youtube_url`) VALUES (219, 3, 'Molestias dolores ut et sed nisi.', 'Meredith Simonis', 'http://lorempixel.com/640/480/', 'http://www.metzabshire.net/');
INSERT INTO `track` (`id`, `playlist_id`, `title`, `artist`, `album_picture`, `youtube_url`) VALUES (220, 4, 'Quae fugit id harum ut et totam voluptas.', 'Dr. Ulices Morissette', 'http://lorempixel.com/640/480/', 'http://www.lehnerolson.com/');
INSERT INTO `track` (`id`, `playlist_id`, `title`, `artist`, `album_picture`, `youtube_url`) VALUES (221, 5, 'Nihil deserunt minima beatae tempora a dolores.', 'Adelia Price', 'http://lorempixel.com/640/480/', 'http://powlowskiolson.org/');
INSERT INTO `track` (`id`, `playlist_id`, `title`, `artist`, `album_picture`, `youtube_url`) VALUES (222, 6, 'Beatae molestiae labore iure consequatur quidem consequatur.', 'Leonard Smith', 'http://lorempixel.com/640/480/', 'http://runolfsson.com/');
INSERT INTO `track` (`id`, `playlist_id`, `title`, `artist`, `album_picture`, `youtube_url`) VALUES (223, 7, 'Itaque dolorem vitae laudantium cum amet.', 'Janet Wintheiser', 'http://lorempixel.com/640/480/', 'http://www.ferry.org/');
INSERT INTO `track` (`id`, `playlist_id`, `title`, `artist`, `album_picture`, `youtube_url`) VALUES (224, 8, 'Molestiae culpa dolor recusandae nihil dolores excepturi esse.', 'Dr. Xander McKenzie V', 'http://lorempixel.com/640/480/', 'http://www.simonis.biz/');
INSERT INTO `track` (`id`, `playlist_id`, `title`, `artist`, `album_picture`, `youtube_url`) VALUES (225, 9, 'Modi dolores saepe quae distinctio.', 'Jazmyn Ruecker MD', 'http://lorempixel.com/640/480/', 'http://schmeler.com/');
INSERT INTO `track` (`id`, `playlist_id`, `title`, `artist`, `album_picture`, `youtube_url`) VALUES (226, 10, 'Dolore sunt alias quidem numquam ut porro.', 'Brandi Gaylord', 'http://lorempixel.com/640/480/', 'http://www.torphy.biz/');
INSERT INTO `track` (`id`, `playlist_id`, `title`, `artist`, `album_picture`, `youtube_url`) VALUES (227, 11, 'Ut accusamus at esse voluptas voluptatem est.', 'Mozell Effertz MD', 'http://lorempixel.com/640/480/', 'http://schinner.net/');
INSERT INTO `track` (`id`, `playlist_id`, `title`, `artist`, `album_picture`, `youtube_url`) VALUES (228, 12, 'Quaerat est explicabo accusantium reprehenderit eos qui.', 'Cristian Beahan', 'http://lorempixel.com/640/480/', 'http://www.blick.com/');
INSERT INTO `track` (`id`, `playlist_id`, `title`, `artist`, `album_picture`, `youtube_url`) VALUES (229, 13, 'Reiciendis autem dolore assumenda totam error modi aut necessitatibus.', 'Harmon Tromp', 'http://lorempixel.com/640/480/', 'http://www.lemke.biz/');
INSERT INTO `track` (`id`, `playlist_id`, `title`, `artist`, `album_picture`, `youtube_url`) VALUES (230, 14, 'Tenetur nesciunt fuga voluptatem ut voluptatem.', 'Velda Balistreri II', 'http://lorempixel.com/640/480/', 'http://www.kirlin.com/');
INSERT INTO `track` (`id`, `playlist_id`, `title`, `artist`, `album_picture`, `youtube_url`) VALUES (231, 15, 'Aut iusto animi reprehenderit.', 'Brando Weissnat', 'http://lorempixel.com/640/480/', 'http://www.harris.biz/');
INSERT INTO `track` (`id`, `playlist_id`, `title`, `artist`, `album_picture`, `youtube_url`) VALUES (232, 16, 'Dignissimos illo deleniti id tempore.', 'Maegan Stamm', 'http://lorempixel.com/640/480/', 'http://www.conn.com/');
INSERT INTO `track` (`id`, `playlist_id`, `title`, `artist`, `album_picture`, `youtube_url`) VALUES (233, 17, 'Nisi deleniti dolor quam et libero.', 'Gilbert Williamson', 'http://lorempixel.com/640/480/', 'http://roberts.info/');
INSERT INTO `track` (`id`, `playlist_id`, `title`, `artist`, `album_picture`, `youtube_url`) VALUES (234, 18, 'Officia minus quo nihil ut saepe quaerat omnis expedita.', 'Abdiel Donnelly', 'http://lorempixel.com/640/480/', 'http://www.johnston.com/');
INSERT INTO `track` (`id`, `playlist_id`, `title`, `artist`, `album_picture`, `youtube_url`) VALUES (235, 19, 'Sunt in et repellendus ipsam sed magni.', 'Enrique Vandervort', 'http://lorempixel.com/640/480/', 'http://crist.com/');
INSERT INTO `track` (`id`, `playlist_id`, `title`, `artist`, `album_picture`, `youtube_url`) VALUES (236, 20, 'Consequatur nemo ut enim.', 'Brittany Abbott I', 'http://lorempixel.com/640/480/', 'http://schmeler.org/');
INSERT INTO `track` (`id`, `playlist_id`, `title`, `artist`, `album_picture`, `youtube_url`) VALUES (237, 21, 'Qui ipsum facilis animi reprehenderit praesentium quibusdam.', 'Paris Bogan', 'http://lorempixel.com/640/480/', 'http://www.predovicwest.org/');
INSERT INTO `track` (`id`, `playlist_id`, `title`, `artist`, `album_picture`, `youtube_url`) VALUES (238, 22, 'Commodi quae dicta provident nihil sit tempora dicta.', 'Lennie Quigley', 'http://lorempixel.com/640/480/', 'http://zieme.biz/');
INSERT INTO `track` (`id`, `playlist_id`, `title`, `artist`, `album_picture`, `youtube_url`) VALUES (239, 23, 'Laborum porro et dolore qui doloremque doloribus.', 'Cynthia Raynor', 'http://lorempixel.com/640/480/', 'http://www.shieldsvonrueden.com/');
INSERT INTO `track` (`id`, `playlist_id`, `title`, `artist`, `album_picture`, `youtube_url`) VALUES (240, 24, 'Odio cum est quia aut.', 'Abbie Brekke', 'http://lorempixel.com/640/480/', 'http://www.bailey.net/');
INSERT INTO `track` (`id`, `playlist_id`, `title`, `artist`, `album_picture`, `youtube_url`) VALUES (241, 25, 'Qui voluptatem molestias sed illo porro.', 'Mr. Austen Kertzmann', 'http://lorempixel.com/640/480/', 'http://www.legros.biz/');
INSERT INTO `track` (`id`, `playlist_id`, `title`, `artist`, `album_picture`, `youtube_url`) VALUES (242, 26, 'Necessitatibus dolorem et nam repudiandae.', 'Mario Schmidt', 'http://lorempixel.com/640/480/', 'http://www.rauvonrueden.net/');
INSERT INTO `track` (`id`, `playlist_id`, `title`, `artist`, `album_picture`, `youtube_url`) VALUES (243, 27, 'At vitae odio ea maiores.', 'Mr. Brook Ratke', 'http://lorempixel.com/640/480/', 'http://feilswaniawski.biz/');
INSERT INTO `track` (`id`, `playlist_id`, `title`, `artist`, `album_picture`, `youtube_url`) VALUES (244, 1, 'Assumenda modi voluptates amet id quisquam quis.', 'Dr. Ines Mayer DVM', 'http://lorempixel.com/640/480/', 'http://www.kshlerin.org/');
INSERT INTO `track` (`id`, `playlist_id`, `title`, `artist`, `album_picture`, `youtube_url`) VALUES (245, 2, 'Veritatis officiis sit deleniti quod voluptatem qui nostrum.', 'Dr. Maryse Torphy DDS', 'http://lorempixel.com/640/480/', 'http://walker.com/');
INSERT INTO `track` (`id`, `playlist_id`, `title`, `artist`, `album_picture`, `youtube_url`) VALUES (246, 3, 'Voluptas ut doloribus distinctio et.', 'Mr. Jordy Kuvalis DVM', 'http://lorempixel.com/640/480/', 'http://www.hane.com/');
INSERT INTO `track` (`id`, `playlist_id`, `title`, `artist`, `album_picture`, `youtube_url`) VALUES (247, 4, 'Officia qui error debitis ut qui incidunt.', 'Keith Zboncak', 'http://lorempixel.com/640/480/', 'http://adams.com/');
INSERT INTO `track` (`id`, `playlist_id`, `title`, `artist`, `album_picture`, `youtube_url`) VALUES (248, 5, 'Culpa sed dolor soluta et et.', 'Dr. Milan Wisozk PhD', 'http://lorempixel.com/640/480/', 'http://rohanwelch.com/');
INSERT INTO `track` (`id`, `playlist_id`, `title`, `artist`, `album_picture`, `youtube_url`) VALUES (249, 6, 'Sit cumque tenetur laborum illo in et.', 'Rae Roberts V', 'http://lorempixel.com/640/480/', 'http://www.feeneyking.biz/');
INSERT INTO `track` (`id`, `playlist_id`, `title`, `artist`, `album_picture`, `youtube_url`) VALUES (250, 7, 'Natus voluptas labore eos et aperiam deserunt id aperiam.', 'Annabelle Legros MD', 'http://lorempixel.com/640/480/', 'http://farrelldaniel.com/');
INSERT INTO `track` (`id`, `playlist_id`, `title`, `artist`, `album_picture`, `youtube_url`) VALUES (251, 8, 'Doloribus animi provident id recusandae officiis sed dolorum.', 'Orpha Feeney', 'http://lorempixel.com/640/480/', 'http://rathchamplin.info/');
INSERT INTO `track` (`id`, `playlist_id`, `title`, `artist`, `album_picture`, `youtube_url`) VALUES (252, 9, 'Porro voluptatum consequuntur reprehenderit aut beatae.', 'Raphael Adams', 'http://lorempixel.com/640/480/', 'http://www.ryanpaucek.com/');
INSERT INTO `track` (`id`, `playlist_id`, `title`, `artist`, `album_picture`, `youtube_url`) VALUES (253, 10, 'Autem earum voluptate hic qui.', 'Wyman Wunsch', 'http://lorempixel.com/640/480/', 'http://greenjerde.info/');
INSERT INTO `track` (`id`, `playlist_id`, `title`, `artist`, `album_picture`, `youtube_url`) VALUES (254, 11, 'Consequatur iure dolorum rerum saepe.', 'Kyler Schultz III', 'http://lorempixel.com/640/480/', 'http://reichertlabadie.com/');
INSERT INTO `track` (`id`, `playlist_id`, `title`, `artist`, `album_picture`, `youtube_url`) VALUES (255, 12, 'Quia illum iure aperiam sapiente sint.', 'Reuben Welch', 'http://lorempixel.com/640/480/', 'http://kihn.com/');
INSERT INTO `track` (`id`, `playlist_id`, `title`, `artist`, `album_picture`, `youtube_url`) VALUES (256, 13, 'Distinctio est culpa corporis incidunt.', 'Mrs. Icie Towne I', 'http://lorempixel.com/640/480/', 'http://www.fishergoldner.com/');
INSERT INTO `track` (`id`, `playlist_id`, `title`, `artist`, `album_picture`, `youtube_url`) VALUES (257, 14, 'Aliquam et et excepturi error et et.', 'Urban Wisozk', 'http://lorempixel.com/640/480/', 'http://www.welchvolkman.com/');
INSERT INTO `track` (`id`, `playlist_id`, `title`, `artist`, `album_picture`, `youtube_url`) VALUES (258, 15, 'At enim officia temporibus distinctio facere quas nobis.', 'Marianna Beahan', 'http://lorempixel.com/640/480/', 'http://rice.com/');
INSERT INTO `track` (`id`, `playlist_id`, `title`, `artist`, `album_picture`, `youtube_url`) VALUES (259, 16, 'Consequatur veritatis voluptatem officiis suscipit.', 'Jadyn Parisian', 'http://lorempixel.com/640/480/', 'http://lebsack.com/');
INSERT INTO `track` (`id`, `playlist_id`, `title`, `artist`, `album_picture`, `youtube_url`) VALUES (260, 17, 'Recusandae et eius est modi ipsa et.', 'Mr. Ricky Orn', 'http://lorempixel.com/640/480/', 'http://www.cummings.info/');
INSERT INTO `track` (`id`, `playlist_id`, `title`, `artist`, `album_picture`, `youtube_url`) VALUES (261, 18, 'Corporis aspernatur a consequuntur illo.', 'Ms. Amiya Schaefer', 'http://lorempixel.com/640/480/', 'http://www.feil.com/');
INSERT INTO `track` (`id`, `playlist_id`, `title`, `artist`, `album_picture`, `youtube_url`) VALUES (262, 19, 'Aut nobis odit et vel.', 'Brennon O\'Hara MD', 'http://lorempixel.com/640/480/', 'http://www.tromp.com/');
INSERT INTO `track` (`id`, `playlist_id`, `title`, `artist`, `album_picture`, `youtube_url`) VALUES (263, 20, 'Repellat commodi suscipit voluptatem ex iure.', 'Madyson Mayer', 'http://lorempixel.com/640/480/', 'http://www.kautzer.net/');
INSERT INTO `track` (`id`, `playlist_id`, `title`, `artist`, `album_picture`, `youtube_url`) VALUES (264, 21, 'Provident omnis esse delectus deleniti qui nisi est.', 'Judson Zieme', 'http://lorempixel.com/640/480/', 'http://cole.biz/');
INSERT INTO `track` (`id`, `playlist_id`, `title`, `artist`, `album_picture`, `youtube_url`) VALUES (265, 22, 'Commodi eos voluptatem dolor aliquam quaerat.', 'Noe Hermiston', 'http://lorempixel.com/640/480/', 'http://www.hegmannheidenreich.com/');
INSERT INTO `track` (`id`, `playlist_id`, `title`, `artist`, `album_picture`, `youtube_url`) VALUES (266, 23, 'Officia in exercitationem aspernatur praesentium et.', 'Niko Barrows DDS', 'http://lorempixel.com/640/480/', 'http://macejkovic.com/');
INSERT INTO `track` (`id`, `playlist_id`, `title`, `artist`, `album_picture`, `youtube_url`) VALUES (267, 24, 'Tenetur facilis non aut.', 'Pearlie Zboncak', 'http://lorempixel.com/640/480/', 'http://hilpert.com/');
INSERT INTO `track` (`id`, `playlist_id`, `title`, `artist`, `album_picture`, `youtube_url`) VALUES (268, 25, 'Incidunt sed qui corporis placeat dolor.', 'Addison Hagenes', 'http://lorempixel.com/640/480/', 'http://www.boyle.com/');
INSERT INTO `track` (`id`, `playlist_id`, `title`, `artist`, `album_picture`, `youtube_url`) VALUES (269, 26, 'Modi autem sed expedita.', 'Lyda Boehm', 'http://lorempixel.com/640/480/', 'http://harris.biz/');
INSERT INTO `track` (`id`, `playlist_id`, `title`, `artist`, `album_picture`, `youtube_url`) VALUES (270, 27, 'Ut et in nam reprehenderit quaerat praesentium.', 'Prof. Alice Kuhlman', 'http://lorempixel.com/640/480/', 'http://erdmansawayn.com/');
INSERT INTO `track` (`id`, `playlist_id`, `title`, `artist`, `album_picture`, `youtube_url`) VALUES (271, 1, 'Molestias ipsum quo et sit aut aut.', 'Prof. Sage Bosco DDS', 'http://lorempixel.com/640/480/', 'http://www.funk.com/');
INSERT INTO `track` (`id`, `playlist_id`, `title`, `artist`, `album_picture`, `youtube_url`) VALUES (272, 2, 'Repellendus nihil nobis qui voluptatem et neque voluptas.', 'Jeramy Abshire', 'http://lorempixel.com/640/480/', 'http://abernathy.com/');
INSERT INTO `track` (`id`, `playlist_id`, `title`, `artist`, `album_picture`, `youtube_url`) VALUES (273, 3, 'Sint accusantium earum consequatur quia tenetur expedita dolorem.', 'Miss America Wilderman MD', 'http://lorempixel.com/640/480/', 'http://kuvalisschimmel.info/');
INSERT INTO `track` (`id`, `playlist_id`, `title`, `artist`, `album_picture`, `youtube_url`) VALUES (274, 4, 'Deserunt repudiandae id sunt molestiae.', 'Geo Botsford Sr.', 'http://lorempixel.com/640/480/', 'http://www.kuhic.com/');
INSERT INTO `track` (`id`, `playlist_id`, `title`, `artist`, `album_picture`, `youtube_url`) VALUES (275, 5, 'Repellendus commodi iste ab provident quae consequatur.', 'Katelyn Ruecker', 'http://lorempixel.com/640/480/', 'http://www.treutelcorkery.com/');
INSERT INTO `track` (`id`, `playlist_id`, `title`, `artist`, `album_picture`, `youtube_url`) VALUES (276, 6, 'Ea laudantium voluptatibus cumque dolores vitae blanditiis.', 'Berniece Breitenberg', 'http://lorempixel.com/640/480/', 'http://swaniawski.biz/');
INSERT INTO `track` (`id`, `playlist_id`, `title`, `artist`, `album_picture`, `youtube_url`) VALUES (277, 7, 'Voluptatem repudiandae laboriosam mollitia quod occaecati.', 'Waino Rutherford', 'http://lorempixel.com/640/480/', 'http://beerbartell.com/');
INSERT INTO `track` (`id`, `playlist_id`, `title`, `artist`, `album_picture`, `youtube_url`) VALUES (278, 8, 'Qui officiis tenetur rerum ad sit in.', 'Faustino Bosco', 'http://lorempixel.com/640/480/', 'http://jacobi.com/');
INSERT INTO `track` (`id`, `playlist_id`, `title`, `artist`, `album_picture`, `youtube_url`) VALUES (279, 9, 'Non eum ea et et blanditiis.', 'Ms. Ada Breitenberg III', 'http://lorempixel.com/640/480/', 'http://waelchihaley.net/');
INSERT INTO `track` (`id`, `playlist_id`, `title`, `artist`, `album_picture`, `youtube_url`) VALUES (280, 10, 'Ipsum dignissimos consequuntur maxime eos officia alias ipsum.', 'Dr. Nicola Jenkins DDS', 'http://lorempixel.com/640/480/', 'http://www.macejkovic.net/');
INSERT INTO `track` (`id`, `playlist_id`, `title`, `artist`, `album_picture`, `youtube_url`) VALUES (281, 11, 'Tempore repellat sint sed non sed ullam non.', 'Efrain Maggio IV', 'http://lorempixel.com/640/480/', 'http://corkerydavis.com/');
INSERT INTO `track` (`id`, `playlist_id`, `title`, `artist`, `album_picture`, `youtube_url`) VALUES (282, 12, 'Molestias itaque officiis omnis autem.', 'Mr. Josh Davis', 'http://lorempixel.com/640/480/', 'http://kemmer.com/');
INSERT INTO `track` (`id`, `playlist_id`, `title`, `artist`, `album_picture`, `youtube_url`) VALUES (283, 13, 'Et et et aperiam.', 'Garnet Mante', 'http://lorempixel.com/640/480/', 'http://fadel.biz/');
INSERT INTO `track` (`id`, `playlist_id`, `title`, `artist`, `album_picture`, `youtube_url`) VALUES (284, 14, 'Et beatae rerum similique eum ipsum.', 'Adonis Littel', 'http://lorempixel.com/640/480/', 'http://wiza.com/');
INSERT INTO `track` (`id`, `playlist_id`, `title`, `artist`, `album_picture`, `youtube_url`) VALUES (285, 15, 'Illo fugit aut molestias reprehenderit earum quos.', 'Juliana Crona', 'http://lorempixel.com/640/480/', 'http://www.bartell.com/');
INSERT INTO `track` (`id`, `playlist_id`, `title`, `artist`, `album_picture`, `youtube_url`) VALUES (286, 16, 'Perferendis voluptatem nobis quam mollitia natus deserunt aut.', 'Dr. Josefa Von', 'http://lorempixel.com/640/480/', 'http://www.grimes.com/');
INSERT INTO `track` (`id`, `playlist_id`, `title`, `artist`, `album_picture`, `youtube_url`) VALUES (287, 17, 'Aut soluta aut numquam fugiat.', 'Dr. Geovanni Thiel IV', 'http://lorempixel.com/640/480/', 'http://wiegand.org/');
INSERT INTO `track` (`id`, `playlist_id`, `title`, `artist`, `album_picture`, `youtube_url`) VALUES (288, 18, 'Culpa consequatur harum tempora dolor tenetur voluptatem asperiores.', 'Addison Batz', 'http://lorempixel.com/640/480/', 'http://konopelski.net/');
INSERT INTO `track` (`id`, `playlist_id`, `title`, `artist`, `album_picture`, `youtube_url`) VALUES (289, 19, 'Quidem vel est sapiente ut voluptas id dolor.', 'Maryjane Carroll', 'http://lorempixel.com/640/480/', 'http://www.bahringer.net/');
INSERT INTO `track` (`id`, `playlist_id`, `title`, `artist`, `album_picture`, `youtube_url`) VALUES (290, 20, 'Ea incidunt cupiditate occaecati facilis numquam.', 'Benjamin Feest', 'http://lorempixel.com/640/480/', 'http://www.grimesmoore.org/');
INSERT INTO `track` (`id`, `playlist_id`, `title`, `artist`, `album_picture`, `youtube_url`) VALUES (291, 21, 'Voluptatum corrupti consequatur minima occaecati quae.', 'Miss Marielle Blanda DDS', 'http://lorempixel.com/640/480/', 'http://www.botsfordmiller.net/');
INSERT INTO `track` (`id`, `playlist_id`, `title`, `artist`, `album_picture`, `youtube_url`) VALUES (292, 22, 'Facere doloribus blanditiis voluptatem asperiores in vitae amet sunt.', 'Karina Gleichner', 'http://lorempixel.com/640/480/', 'http://spinka.biz/');
INSERT INTO `track` (`id`, `playlist_id`, `title`, `artist`, `album_picture`, `youtube_url`) VALUES (293, 23, 'Officiis ullam necessitatibus voluptatem est quas natus nemo qui.', 'Adrianna Bauch', 'http://lorempixel.com/640/480/', 'http://www.fay.biz/');
INSERT INTO `track` (`id`, `playlist_id`, `title`, `artist`, `album_picture`, `youtube_url`) VALUES (294, 24, 'Reiciendis non perspiciatis nam voluptas.', 'Marcel Botsford', 'http://lorempixel.com/640/480/', 'http://www.donnelly.info/');
INSERT INTO `track` (`id`, `playlist_id`, `title`, `artist`, `album_picture`, `youtube_url`) VALUES (295, 25, 'Non commodi autem earum id ut.', 'Clementina Mosciski', 'http://lorempixel.com/640/480/', 'http://terry.com/');
INSERT INTO `track` (`id`, `playlist_id`, `title`, `artist`, `album_picture`, `youtube_url`) VALUES (296, 26, 'Molestias voluptatem optio ab et ut voluptatem.', 'Mr. Glennie Buckridge MD', 'http://lorempixel.com/640/480/', 'http://www.boganschuppe.com/');
INSERT INTO `track` (`id`, `playlist_id`, `title`, `artist`, `album_picture`, `youtube_url`) VALUES (297, 27, 'Sint eius totam laborum quos quia.', 'Leatha Graham MD', 'http://lorempixel.com/640/480/', 'http://www.bernhardmckenzie.com/');
INSERT INTO `track` (`id`, `playlist_id`, `title`, `artist`, `album_picture`, `youtube_url`) VALUES (298, 1, 'Nihil et ea occaecati.', 'Shyann Tromp', 'http://lorempixel.com/640/480/', 'http://www.blandaauer.com/');
INSERT INTO `track` (`id`, `playlist_id`, `title`, `artist`, `album_picture`, `youtube_url`) VALUES (299, 2, 'Deserunt minima repellendus in fuga sed tempora rem suscipit.', 'Nia Nitzsche', 'http://lorempixel.com/640/480/', 'http://douglas.com/');
INSERT INTO `track` (`id`, `playlist_id`, `title`, `artist`, `album_picture`, `youtube_url`) VALUES (300, 3, 'Suscipit eius ducimus quia qui provident perferendis.', 'Cielo Murphy', 'http://lorempixel.com/640/480/', 'http://www.oharamueller.com/');
INSERT INTO `track` (`id`, `playlist_id`, `title`, `artist`, `album_picture`, `youtube_url`) VALUES (301, 4, 'Dolores voluptatibus nostrum distinctio quas expedita illo.', 'Mr. Adolph Farrell I', 'http://lorempixel.com/640/480/', 'http://krajcik.info/');
INSERT INTO `track` (`id`, `playlist_id`, `title`, `artist`, `album_picture`, `youtube_url`) VALUES (302, 5, 'Voluptas aut iste nihil velit aut reprehenderit fugit.', 'Magnus Wiza', 'http://lorempixel.com/640/480/', 'http://feeneysatterfield.net/');
INSERT INTO `track` (`id`, `playlist_id`, `title`, `artist`, `album_picture`, `youtube_url`) VALUES (303, 6, 'Et sequi voluptas molestiae sit dolor ipsam aperiam.', 'Glenna Hackett', 'http://lorempixel.com/640/480/', 'http://lednersauer.com/');
INSERT INTO `track` (`id`, `playlist_id`, `title`, `artist`, `album_picture`, `youtube_url`) VALUES (304, 7, 'Reprehenderit doloribus placeat et modi consequatur facere qui odit.', 'Damon Lebsack', 'http://lorempixel.com/640/480/', 'http://www.nikolaus.biz/');
INSERT INTO `track` (`id`, `playlist_id`, `title`, `artist`, `album_picture`, `youtube_url`) VALUES (305, 8, 'Consequatur qui possimus quod maiores sapiente.', 'Eli Bruen MD', 'http://lorempixel.com/640/480/', 'http://www.dietrichlarson.com/');
INSERT INTO `track` (`id`, `playlist_id`, `title`, `artist`, `album_picture`, `youtube_url`) VALUES (306, 9, 'Veniam quia pariatur earum et aut in.', 'June Marvin V', 'http://lorempixel.com/640/480/', 'http://leffler.com/');
INSERT INTO `track` (`id`, `playlist_id`, `title`, `artist`, `album_picture`, `youtube_url`) VALUES (307, 10, 'Possimus illum aliquid autem molestiae et et.', 'Tate Fadel', 'http://lorempixel.com/640/480/', 'http://www.koch.com/');
INSERT INTO `track` (`id`, `playlist_id`, `title`, `artist`, `album_picture`, `youtube_url`) VALUES (308, 11, 'Ratione odio neque vero temporibus quos dolor.', 'Samanta Rogahn', 'http://lorempixel.com/640/480/', 'http://ratke.com/');
INSERT INTO `track` (`id`, `playlist_id`, `title`, `artist`, `album_picture`, `youtube_url`) VALUES (309, 12, 'Eum consequatur tempore eum doloribus accusantium.', 'Mr. Nicholaus Miller', 'http://lorempixel.com/640/480/', 'http://www.sengerkutch.net/');
INSERT INTO `track` (`id`, `playlist_id`, `title`, `artist`, `album_picture`, `youtube_url`) VALUES (310, 13, 'Modi dolores rerum a adipisci sunt sit libero.', 'Raleigh Schmitt', 'http://lorempixel.com/640/480/', 'http://www.muellergerhold.com/');
INSERT INTO `track` (`id`, `playlist_id`, `title`, `artist`, `album_picture`, `youtube_url`) VALUES (311, 14, 'Consequuntur consequatur incidunt est et sunt quo enim.', 'Adolph Purdy', 'http://lorempixel.com/640/480/', 'http://www.jaskolski.com/');
INSERT INTO `track` (`id`, `playlist_id`, `title`, `artist`, `album_picture`, `youtube_url`) VALUES (312, 15, 'Quidem odit alias quidem nam repellat qui.', 'Ron Bauch I', 'http://lorempixel.com/640/480/', 'http://www.smith.biz/');
INSERT INTO `track` (`id`, `playlist_id`, `title`, `artist`, `album_picture`, `youtube_url`) VALUES (313, 16, 'Explicabo et praesentium doloremque commodi.', 'Letitia Gislason', 'http://lorempixel.com/640/480/', 'http://www.spinka.com/');
INSERT INTO `track` (`id`, `playlist_id`, `title`, `artist`, `album_picture`, `youtube_url`) VALUES (314, 17, 'Soluta voluptate aperiam non earum nisi cum nostrum.', 'Dr. Felton Kirlin Jr.', 'http://lorempixel.com/640/480/', 'http://www.stromanluettgen.com/');
INSERT INTO `track` (`id`, `playlist_id`, `title`, `artist`, `album_picture`, `youtube_url`) VALUES (315, 18, 'Repudiandae esse qui quisquam eaque pariatur temporibus nobis occaecati.', 'Neva Boehm', 'http://lorempixel.com/640/480/', 'http://www.parker.com/');
INSERT INTO `track` (`id`, `playlist_id`, `title`, `artist`, `album_picture`, `youtube_url`) VALUES (316, 19, 'Voluptatem et quidem quo nobis cupiditate facere illo.', 'Emily Maggio', 'http://lorempixel.com/640/480/', 'http://www.gutkowski.com/');
INSERT INTO `track` (`id`, `playlist_id`, `title`, `artist`, `album_picture`, `youtube_url`) VALUES (317, 20, 'Voluptas qui impedit alias voluptatum necessitatibus.', 'Johanna Heidenreich', 'http://lorempixel.com/640/480/', 'http://www.kulas.com/');
INSERT INTO `track` (`id`, `playlist_id`, `title`, `artist`, `album_picture`, `youtube_url`) VALUES (318, 21, 'Perspiciatis nesciunt ab quis laboriosam.', 'Mr. Roy Aufderhar III', 'http://lorempixel.com/640/480/', 'http://www.berge.com/');
INSERT INTO `track` (`id`, `playlist_id`, `title`, `artist`, `album_picture`, `youtube_url`) VALUES (319, 22, 'Veritatis molestiae laudantium occaecati.', 'Ferne Gutmann', 'http://lorempixel.com/640/480/', 'http://lehner.com/');
INSERT INTO `track` (`id`, `playlist_id`, `title`, `artist`, `album_picture`, `youtube_url`) VALUES (320, 23, 'Libero et quia aut esse non omnis qui.', 'Prof. Vesta Keeling Jr.', 'http://lorempixel.com/640/480/', 'http://www.champlin.com/');
INSERT INTO `track` (`id`, `playlist_id`, `title`, `artist`, `album_picture`, `youtube_url`) VALUES (321, 24, 'Adipisci asperiores vel distinctio officiis distinctio provident fugiat.', 'Mrs. Rosanna McKenzie', 'http://lorempixel.com/640/480/', 'http://www.koss.org/');
INSERT INTO `track` (`id`, `playlist_id`, `title`, `artist`, `album_picture`, `youtube_url`) VALUES (322, 25, 'Omnis totam accusantium eum exercitationem eaque.', 'Jermain Ullrich', 'http://lorempixel.com/640/480/', 'http://www.rodriguezwhite.com/');
INSERT INTO `track` (`id`, `playlist_id`, `title`, `artist`, `album_picture`, `youtube_url`) VALUES (323, 26, 'Voluptatem illo ducimus ad eum voluptatum laboriosam.', 'Lynn Fritsch', 'http://lorempixel.com/640/480/', 'http://www.marquardt.com/');
INSERT INTO `track` (`id`, `playlist_id`, `title`, `artist`, `album_picture`, `youtube_url`) VALUES (324, 27, 'Id odio dicta quam incidunt temporibus.', 'Marguerite Douglas Sr.', 'http://lorempixel.com/640/480/', 'http://www.zboncakoconner.com/');
INSERT INTO `track` (`id`, `playlist_id`, `title`, `artist`, `album_picture`, `youtube_url`) VALUES (325, 1, 'Vero ab dolor similique est debitis quia voluptatum.', 'Ruben Wisozk', 'http://lorempixel.com/640/480/', 'http://senger.com/');
INSERT INTO `track` (`id`, `playlist_id`, `title`, `artist`, `album_picture`, `youtube_url`) VALUES (326, 2, 'Et nulla quia praesentium.', 'Allie Beatty Sr.', 'http://lorempixel.com/640/480/', 'http://www.hamill.com/');
INSERT INTO `track` (`id`, `playlist_id`, `title`, `artist`, `album_picture`, `youtube_url`) VALUES (327, 3, 'Id architecto non voluptatem aspernatur qui assumenda ea.', 'Vincenzo Hyatt V', 'http://lorempixel.com/640/480/', 'http://medhurst.net/');
INSERT INTO `track` (`id`, `playlist_id`, `title`, `artist`, `album_picture`, `youtube_url`) VALUES (328, 4, 'Accusantium iure possimus qui consequatur velit officiis.', 'Westley Jerde PhD', 'http://lorempixel.com/640/480/', 'http://okeefepadberg.com/');
INSERT INTO `track` (`id`, `playlist_id`, `title`, `artist`, `album_picture`, `youtube_url`) VALUES (329, 5, 'Est soluta voluptatem fuga beatae consequatur.', 'Violet Muller', 'http://lorempixel.com/640/480/', 'http://will.net/');
INSERT INTO `track` (`id`, `playlist_id`, `title`, `artist`, `album_picture`, `youtube_url`) VALUES (330, 6, 'Et soluta ut ut consequatur possimus eveniet.', 'Hunter Goyette Sr.', 'http://lorempixel.com/640/480/', 'http://www.block.com/');
INSERT INTO `track` (`id`, `playlist_id`, `title`, `artist`, `album_picture`, `youtube_url`) VALUES (331, 7, 'Aut delectus quisquam voluptatem delectus distinctio neque qui quas.', 'Prof. Michaela Kerluke DVM', 'http://lorempixel.com/640/480/', 'http://farrellschiller.net/');
INSERT INTO `track` (`id`, `playlist_id`, `title`, `artist`, `album_picture`, `youtube_url`) VALUES (332, 8, 'Est autem repudiandae amet itaque consequuntur temporibus.', 'Mohammad Nienow', 'http://lorempixel.com/640/480/', 'http://bartell.info/');
INSERT INTO `track` (`id`, `playlist_id`, `title`, `artist`, `album_picture`, `youtube_url`) VALUES (333, 9, 'Consequatur et voluptatem qui.', 'Nettie Lakin', 'http://lorempixel.com/640/480/', 'http://www.rohan.com/');
INSERT INTO `track` (`id`, `playlist_id`, `title`, `artist`, `album_picture`, `youtube_url`) VALUES (334, 10, 'Fugiat rerum commodi voluptatem voluptas ut molestiae sequi.', 'Mrs. Adelia Auer', 'http://lorempixel.com/640/480/', 'http://kemmerroberts.com/');
INSERT INTO `track` (`id`, `playlist_id`, `title`, `artist`, `album_picture`, `youtube_url`) VALUES (335, 11, 'Earum voluptates odit qui ipsam iusto dolor.', 'Dr. Kenya Gaylord Sr.', 'http://lorempixel.com/640/480/', 'http://schmidt.biz/');
INSERT INTO `track` (`id`, `playlist_id`, `title`, `artist`, `album_picture`, `youtube_url`) VALUES (336, 12, 'Qui dolorum voluptate ut nam.', 'Miss Misty Blanda', 'http://lorempixel.com/640/480/', 'http://haleypadberg.com/');
INSERT INTO `track` (`id`, `playlist_id`, `title`, `artist`, `album_picture`, `youtube_url`) VALUES (337, 13, 'Maiores omnis asperiores esse mollitia natus nihil.', 'Vivien Morissette', 'http://lorempixel.com/640/480/', 'http://bauch.com/');
INSERT INTO `track` (`id`, `playlist_id`, `title`, `artist`, `album_picture`, `youtube_url`) VALUES (338, 14, 'Dolores commodi sint reiciendis totam consequatur natus reiciendis.', 'Annalise Sawayn', 'http://lorempixel.com/640/480/', 'http://www.schusterprohaska.com/');
INSERT INTO `track` (`id`, `playlist_id`, `title`, `artist`, `album_picture`, `youtube_url`) VALUES (339, 15, 'Minus amet quis praesentium eius quidem sunt.', 'Rosemarie Rice', 'http://lorempixel.com/640/480/', 'http://www.wolf.com/');
INSERT INTO `track` (`id`, `playlist_id`, `title`, `artist`, `album_picture`, `youtube_url`) VALUES (340, 16, 'Modi maxime error ex quis ipsa qui.', 'Louvenia Schmidt', 'http://lorempixel.com/640/480/', 'http://howewuckert.info/');
INSERT INTO `track` (`id`, `playlist_id`, `title`, `artist`, `album_picture`, `youtube_url`) VALUES (341, 17, 'Hic sunt quae voluptas odio vero sed.', 'Giovanny Green II', 'http://lorempixel.com/640/480/', 'http://collierschimmel.net/');
INSERT INTO `track` (`id`, `playlist_id`, `title`, `artist`, `album_picture`, `youtube_url`) VALUES (342, 18, 'Expedita illum dolorem iste nesciunt laborum et quidem tenetur.', 'Ms. Onie Stokes DDS', 'http://lorempixel.com/640/480/', 'http://bartoletti.com/');
INSERT INTO `track` (`id`, `playlist_id`, `title`, `artist`, `album_picture`, `youtube_url`) VALUES (343, 19, 'Saepe omnis aut velit est qui natus autem.', 'Prof. Myrna Ritchie', 'http://lorempixel.com/640/480/', 'http://www.binsmueller.com/');
INSERT INTO `track` (`id`, `playlist_id`, `title`, `artist`, `album_picture`, `youtube_url`) VALUES (344, 20, 'Repudiandae voluptas culpa asperiores est aut beatae.', 'Quentin Lynch', 'http://lorempixel.com/640/480/', 'http://kessler.com/');
INSERT INTO `track` (`id`, `playlist_id`, `title`, `artist`, `album_picture`, `youtube_url`) VALUES (345, 21, 'Et dolorum voluptatibus ex molestiae.', 'Destany Swaniawski', 'http://lorempixel.com/640/480/', 'http://mayer.com/');
INSERT INTO `track` (`id`, `playlist_id`, `title`, `artist`, `album_picture`, `youtube_url`) VALUES (346, 22, 'Hic qui quae nam.', 'Jared Mante', 'http://lorempixel.com/640/480/', 'http://von.com/');
INSERT INTO `track` (`id`, `playlist_id`, `title`, `artist`, `album_picture`, `youtube_url`) VALUES (347, 23, 'Cumque aut corrupti vitae maxime hic quaerat est mollitia.', 'Cole Botsford', 'http://lorempixel.com/640/480/', 'http://okon.com/');
INSERT INTO `track` (`id`, `playlist_id`, `title`, `artist`, `album_picture`, `youtube_url`) VALUES (348, 24, 'Nihil dicta accusantium molestiae tenetur ea.', 'Benedict Farrell', 'http://lorempixel.com/640/480/', 'http://www.dubuque.com/');
INSERT INTO `track` (`id`, `playlist_id`, `title`, `artist`, `album_picture`, `youtube_url`) VALUES (349, 25, 'Veniam nam maiores assumenda porro id.', 'Laila Gusikowski', 'http://lorempixel.com/640/480/', 'http://www.bogan.org/');
INSERT INTO `track` (`id`, `playlist_id`, `title`, `artist`, `album_picture`, `youtube_url`) VALUES (350, 26, 'Tempore qui quia hic quos ducimus.', 'Aurelia Weimann DDS', 'http://lorempixel.com/640/480/', 'http://eichmann.com/');
INSERT INTO `track` (`id`, `playlist_id`, `title`, `artist`, `album_picture`, `youtube_url`) VALUES (351, 27, 'Adipisci quam autem sit unde dolorem ut officia.', 'Jesse Jacobs II', 'http://lorempixel.com/640/480/', 'http://www.skilessenger.net/');
INSERT INTO `track` (`id`, `playlist_id`, `title`, `artist`, `album_picture`, `youtube_url`) VALUES (352, 1, 'Sit ex non ducimus ducimus amet fuga.', 'Eino Bogan V', 'http://lorempixel.com/640/480/', 'http://www.friesen.org/');
INSERT INTO `track` (`id`, `playlist_id`, `title`, `artist`, `album_picture`, `youtube_url`) VALUES (353, 2, 'Odio voluptatem aut pariatur sit aut libero.', 'Jorge Quitzon', 'http://lorempixel.com/640/480/', 'http://sengerleuschke.com/');
INSERT INTO `track` (`id`, `playlist_id`, `title`, `artist`, `album_picture`, `youtube_url`) VALUES (354, 3, 'Et quaerat ut error.', 'Dell Mohr', 'http://lorempixel.com/640/480/', 'http://www.buckridge.biz/');
INSERT INTO `track` (`id`, `playlist_id`, `title`, `artist`, `album_picture`, `youtube_url`) VALUES (355, 4, 'Consequatur alias et commodi et enim itaque.', 'Ethan Lindgren', 'http://lorempixel.com/640/480/', 'http://www.rath.com/');
INSERT INTO `track` (`id`, `playlist_id`, `title`, `artist`, `album_picture`, `youtube_url`) VALUES (356, 5, 'Alias nam quis illo eos.', 'Ms. Angie Feest V', 'http://lorempixel.com/640/480/', 'http://casperraynor.net/');
INSERT INTO `track` (`id`, `playlist_id`, `title`, `artist`, `album_picture`, `youtube_url`) VALUES (357, 6, 'Excepturi eum officia architecto.', 'Abdullah Runolfsdottir Jr.', 'http://lorempixel.com/640/480/', 'http://www.moore.com/');
INSERT INTO `track` (`id`, `playlist_id`, `title`, `artist`, `album_picture`, `youtube_url`) VALUES (358, 7, 'Nobis ratione corrupti quos omnis quis eveniet est.', 'Miss Emmalee Bechtelar IV', 'http://lorempixel.com/640/480/', 'http://ziemann.net/');
INSERT INTO `track` (`id`, `playlist_id`, `title`, `artist`, `album_picture`, `youtube_url`) VALUES (359, 8, 'Pariatur blanditiis facere alias veniam voluptatem deserunt esse.', 'Mrs. Jaqueline Sipes', 'http://lorempixel.com/640/480/', 'http://www.howell.org/');
INSERT INTO `track` (`id`, `playlist_id`, `title`, `artist`, `album_picture`, `youtube_url`) VALUES (360, 9, 'Minus nam voluptas natus adipisci.', 'Maximillia Abernathy', 'http://lorempixel.com/640/480/', 'http://www.schiller.org/');

create table user (
	`id` int(11) NOT NULL AUTO_INCREMENT,
	`first_name` VARCHAR(50)NOT NULL,
	`last_name` VARCHAR(50)NOT NULL,
	`email` VARCHAR(50)NOT NULL,
	`password` VARCHAR(50)NOT NULL,
 	PRIMARY KEY (`id`)
);
insert into user (id, first_name, last_name, email, password) values (1, 'Joelle', 'Okill', 'jokill0@g.co', 'Eg412df8dAhZ');
insert into user (id, first_name, last_name, email, password) values (2, 'Fenelia', 'Yellep', 'fyellep1@fda.gov', 'tER1UXHKCIF');
insert into user (id, first_name, last_name, email, password) values (3, 'Cher', 'Gert', 'cgert2@photobucket.com', 'ae9h1421');
insert into user (id, first_name, last_name, email, password) values (4, 'Gerry', 'Duell', 'gduell3@springer.com', 'ST6AqjP');
insert into user (id, first_name, last_name, email, password) values (5, 'Carlie', 'Bousfield', 'cbousfield4@independent.co.uk', 'NXXHoKV0');
insert into user (id, first_name, last_name, email, password) values (6, 'Gilligan', 'Clewley', 'gclewley5@yahoo.co.jp', 'kPoV73DgAAqQ');
insert into user (id, first_name, last_name, email, password) values (7, 'Natalee', 'Thody', 'nthody6@sourceforge.net', 'MIU5BlUev8C');
insert into user (id, first_name, last_name, email, password) values (8, 'Brenden', 'De Giorgio', 'bdegiorgio7@1688.com', 'omSz3nRq');
insert into user (id, first_name, last_name, email, password) values (9, 'Carlos', 'Jarvis', 'cjarvis8@surveymonkey.com', '9Q3BuSKW');
insert into user (id, first_name, last_name, email, password) values (10, 'Bettina', 'Rossander', 'brossander9@de.vu', 'UaYO8Wr1H');

ALTER TABLE playlist
ADD owner_id int(11);

create table user_playlist (
	`id` int(11) NOT NULL AUTO_INCREMENT,
	`playlist_id` int(9) NOT NULL,
`user_id` int(9) NOT NULL,
 	PRIMARY KEY (`id`)
);

